--sequence 생성
drop sequence boardcategoryseq;
create sequence boardcategoryseq;

drop sequence buildingseq;
create sequence buildingseq;

drop sequence addressseq;
create sequence addressseq;


--빌딩종류테이블
--건물(22)
--역삼동
insert into tblBuilding values (buildingseq.nextval,'한독빌딩','서울 강남구 역삼동 735',37.4993,127.0332);
insert into tblBuilding values (buildingseq.nextval,'포스코타워 역삼','서울 강남구 역삼동 735-3',37.4994,127.0338);
insert into tblBuilding values (buildingseq.nextVal,'GS강남타워','서울 강남구 역삼동 679',37.5020771,127.036780);
insert into tblBuilding values (buildingseq.nextVal,'한국지식재산연구원','서울 강남구 역삼동 647-9',37.5000690,127.032923);
--논현동
insert into tblBuilding values (buildingseq.nextVal, '하림타워', '서울 강남구 논현동 4-18', 37.5174, 127.023);
insert into tblBuilding values (buildingseq.nextVal, '동화빌딩', '서울 강남구 논현동 207-1', 37.5143, 127.0317);
insert into tblBuilding values (buildingseq.nextVal, '두산빌딩', '서울 강남구 논현동 번지 14층 105-7', 37.5194, 127.0352);
insert into tblBuilding values (buildingseq.nextVal, '비제이빌딩', '서울 강남구 논현동 16-30', 37.5156, 127.0222);
--삼성동
insert into tblBuilding values (buildingseq.nextval,'삼성빌딩','서울 강남구 삼성동',37.5099,127.0658);
insert into tblBuilding values (buildingseq.nextval,'상민빌딩','서울 강남구 삼성동 168 22번지 5층',37.5107,127.0635);
insert into tblBuilding values (buildingseq.nextval, '포스코타워 삼성', '서울 강남구 삼성동 147', 37.51315489658464, 127.05559103872218);
insert into tblBuilding values (buildingseq.nextval, '골든타워', '서울 강남구 삼성동 144-17', 37.507676802251, 127.05556435590361);
-- 신사동
insert into tblBuilding values (buildingseq.nextVal,'뉴서울빌딩','서울 강남구 신사동 618-3',37.528,127.0328);
insert into tblBuilding values (buildingseq.nextVal,'신사스퀘어','서울 강남구 신사동 504-11',37.5201,127.019);
insert into tblBuilding values (buildingseq.nextVal,'강남빌딩','서울 강남구 신사동 588-21',37.5208,127.0306);
insert into tblBuilding values (buildingseq.nextVal,'한양타운빌딩','서울 강남구 신사동 665-1',37.5258,127.0393);

insert into tblBuilding values (buildingseq.nextval,'동일타워','서울 강남구 대치동 1004',37.5071,127.067);
insert into tblBuilding values (buildingseq.nextval,'홍선빌딩','서울 강남구 삼성동 166-5',37.5124,127.0653);
insert into tblBuilding values (buildingseq.nextval,'트레이드타워','서울 강남구 삼성동 159-1',37.5103,127.061); 
insert into tblBuilding values (buildingseq.nextval,'삼성우림루미아트아파트','서울 강남구 삼성동 75-3',37.5138,127.0541); 
insert into tblBuilding values (buildingseq.nextval,'삼성월드타워아파트','서울 강남구 삼성동 3-1',37.5175,127.0441); 
insert into tblBuilding values (buildingseq.nextval,'삼성동롯데아파트','서울 강남구 삼성동 17',37.5177,127.0486); 


--게시판 종류
insert into tblBoardCategory values (boardcategoryseq.nextVal,'카풀게시판');
insert into tblBoardCategory values (boardcategoryseq.nextVal,'SNS게시판');
insert into tblBoardCategory values (boardcategoryseq.nextVal,'스터디게시판');
insert into tblBoardCategory values (boardcategoryseq.nextVal,'동호회게시판');
insert into tblBoardCategory values (boardcategoryseq.nextVal,'맛집추천게시판');
insert into tblBoardCategory values (boardcategoryseq.nextVal,'기타약속게시판'); 
insert into tblBoardCategory values (boardcategoryseq.nextVal,'사이트건의게시판');

--회원 , 건물 연결 
insert into tblMember values('owFSkN242','OIQetu252','고우섭','기분나쁜쿠팡맨342',TO_DATE('2004-01-17', 'YYYY-MM-DD'),'M','jXHrFR931@abcd.com','012-5347-7463',1,'profile.jpg','n',0);insert into tblAddress values(addressseq.nextVal,'owFSkN242',1,'T');
insert into tblMember values('bwgOXg113','eNlFyz736','편술소','심심한기린905',TO_DATE('1996-04-26', 'YYYY-MM-DD'),'F','VBMWyw949@abcd.com','012-5967-2862',1,'profile.jpg','n',0);insert into tblAddress values(addressseq.nextVal,'bwgOXg113',1,'T');
insert into tblMember values('sfHFUK601','daEnWm506','양권열','신바람나는악어710',TO_DATE('1994-04-16', 'YYYY-MM-DD'),'F','nfZRZk458@abcd.com','011-3168-2081',1,'profile.jpg','n',0);insert into tblAddress values(addressseq.nextVal,'sfHFUK601',1,'T');
insert into tblMember values('pMnpCd708','CKJtLN303','공혼의','심심한치타609',TO_DATE('2018-05-07', 'YYYY-MM-DD'),'F','YCMUpz583@abcd.com','013-9929-5072',1,'profile.jpg','n',0);insert into tblAddress values(addressseq.nextVal,'pMnpCd708',1,'T');
insert into tblMember values('sLDqxM263','OnmRBD670','전성소','상쾌한커피601',TO_DATE('1993-05-21', 'YYYY-MM-DD'),'M','bALAqZ442@abcd.com','013-9849-6409',1,'profile.jpg','n',0);insert into tblAddress values(addressseq.nextVal,'sLDqxM263',1,'T');
insert into tblMember values('JSqXoS251','DfFurK278','정사혼','배부른이병건608',TO_DATE('2011-04-22', 'YYYY-MM-DD'),'F','UthecK672@abcd.com','011-1751-4649',1,'profile.jpg','n',0);insert into tblAddress values(addressseq.nextVal,'JSqXoS251',1,'T');
insert into tblMember values('oWOExL506','MwTomC950','추솔로','자유로운토끼645',TO_DATE('1991-10-02', 'YYYY-MM-DD'),'M','VdiJAI65@abcd.com','010-9463-4665',1,'profile.jpg','n',0);insert into tblAddress values(addressseq.nextVal,'oWOExL506',1,'T');
insert into tblMember values('QceVCn192','jiWYCo59','원술두','위축되는하프물범778',TO_DATE('1938-04-22', 'YYYY-MM-DD'),'M','oIIZXJ288@abcd.com','012-4515-8180',1,'profile.jpg','n',0);insert into tblAddress values(addressseq.nextVal,'QceVCn192',1,'T');
insert into tblMember values('QJNVua398','lnqQKa975','소후택','위험한늑대466',TO_DATE('2003-08-03', 'YYYY-MM-DD'),'M','mXrCQr549@abcd.com','011-8260-4293',1,'profile.jpg','n',0);insert into tblAddress values(addressseq.nextVal,'QJNVua398',1,'T');
insert into tblMember values('OGUatW340','DAubyd974','왕양태','짜릿한이병건684',TO_DATE('1945-09-04', 'YYYY-MM-DD'),'M','sMZbPI911@abcd.com','010-4791-6715',1,'profile.jpg','n',0);insert into tblAddress values(addressseq.nextVal,'OGUatW340',1,'T');
insert into tblMember values('nqeFKf555','MdEFAj297','정준모','자유로운현대669',TO_DATE('2002-04-21', 'YYYY-MM-DD'),'M','noSByN675@abcd.com','011-0799-8184',1,'profile.jpg','n',0);insert into tblAddress values(addressseq.nextVal,'nqeFKf555',1,'T');
insert into tblMember values('stoDJD552','LGEltd750','용영박','비참한침착맨788',TO_DATE('1940-01-10', 'YYYY-MM-DD'),'M','vHZxdo222@abcd.com','013-1335-9291',1,'profile.jpg','n',0);insert into tblAddress values(addressseq.nextVal,'stoDJD552',1,'T');
insert into tblMember values('owJlQx776','KUiZAl590','노설뜸','긴장되는판다466',TO_DATE('1939-02-14', 'YYYY-MM-DD'),'F','fQgMFm308@abcd.com','013-4147-9919',1,'profile.jpg','n',0);insert into tblAddress values(addressseq.nextVal,'owJlQx776',1,'T');
insert into tblMember values('wbcPPV179','jnIcgJ783','여용영','신바람나는커피949',TO_DATE('2016-05-10', 'YYYY-MM-DD'),'M','JWAbWI865@abcd.com','011-0429-6169',1,'profile.jpg','n',0);insert into tblAddress values(addressseq.nextVal,'wbcPPV179',1,'T');
insert into tblMember values('AoBWwz478','lsxUSx324','탁만태','위축되는코끼리743',TO_DATE('2014-02-22', 'YYYY-MM-DD'),'F','XxqCqJ84@abcd.com','013-2975-7617',1,'profile.jpg','n',0);insert into tblAddress values(addressseq.nextVal,'AoBWwz478',1,'T');
insert into tblMember values('MgHxCd644','tHNAwB975','반시문','기분좋은얼룩말338',TO_DATE('2011-07-19', 'YYYY-MM-DD'),'F','yBbEAp227@abcd.com','012-8051-7073',1,'profile.jpg','n',0);insert into tblAddress values(addressseq.nextVal,'MgHxCd644',1,'T');
insert into tblMember values('pcijal680','QbrWiR83','강원호','잘생긴고릴라359',TO_DATE('1965-02-10', 'YYYY-MM-DD'),'M','fUbUMG682@abcd.com','012-7566-8527',1,'profile.jpg','n',0);insert into tblAddress values(addressseq.nextVal,'pcijal680',1,'T');
insert into tblMember values('DZxelp804','omfolX686','금무산','울적한호랑이475',TO_DATE('2009-03-02', 'YYYY-MM-DD'),'M','NbENLJ791@abcd.com','012-7188-4131',1,'profile.jpg','n',0);insert into tblAddress values(addressseq.nextVal,'DZxelp804',1,'T');
insert into tblMember values('GypZmX487','rexYYP845','엄변가','기분나쁜침착맨487',TO_DATE('1956-10-03', 'YYYY-MM-DD'),'F','IwSHnG967@abcd.com','010-3460-1616',1,'profile.jpg','n',0);insert into tblAddress values(addressseq.nextVal,'GypZmX487',1,'T');
insert into tblMember values('UGYUQG827','vZnfdR816','양학흥','시끄러운곰450',TO_DATE('1943-09-01', 'YYYY-MM-DD'),'M','BciJMk520@abcd.com','012-4453-3635',1,'profile.jpg','n',0);insert into tblAddress values(addressseq.nextVal,'UGYUQG827',1,'T');
insert into tblMember values('WJsfNX875','DNOCHd794','오휘래','당당한하마404',TO_DATE('2017-02-09', 'YYYY-MM-DD'),'M','TdvgBH350@abcd.com','010-7195-9499',1,'profile.jpg','n',0);insert into tblAddress values(addressseq.nextVal,'WJsfNX875',2,'T');
insert into tblMember values('tEEzCI937','Fglopt226','홍향량','정의로운수달458',TO_DATE('1955-11-25', 'YYYY-MM-DD'),'M','QEMSIV910@abcd.com','011-6430-6400',1,'profile.jpg','n',0);insert into tblAddress values(addressseq.nextVal,'tEEzCI937',2,'T');
insert into tblMember values('FSZkTH514','dfxhuP432','마란려','배부른염소838',TO_DATE('1993-09-24', 'YYYY-MM-DD'),'F','EFiPHR625@abcd.com','012-9776-8819',1,'profile.jpg','n',0);insert into tblAddress values(addressseq.nextVal,'FSZkTH514',2,'T');
insert into tblMember values('SHghIf87','KWWNiD281','은유후','그리운이병건769',TO_DATE('1935-09-26', 'YYYY-MM-DD'),'F','UPKIZP868@abcd.com','013-7316-2182',1,'profile.jpg','n',0);insert into tblAddress values(addressseq.nextVal,'SHghIf87',2,'T');
insert into tblMember values('YDcQGZ963','PmXuKl335','편분섬','위축되는돼지338',TO_DATE('1993-07-22', 'YYYY-MM-DD'),'F','SOyOeG848@abcd.com','010-8094-6459',1,'profile.jpg','n',0);insert into tblAddress values(addressseq.nextVal,'YDcQGZ963',2,'T');
insert into tblMember values('aHLIdi882','FUQNVu578','유초고','정의로운강아지514',TO_DATE('1983-03-19', 'YYYY-MM-DD'),'F','bWQNsI330@abcd.com','011-1306-1205',1,'profile.jpg','n',0);insert into tblAddress values(addressseq.nextVal,'aHLIdi882',2,'T');
insert into tblMember values('hqBXEb681','JvddzK733','방련재','이쁜거북이650',TO_DATE('1984-05-24', 'YYYY-MM-DD'),'M','IKlXDp625@abcd.com','012-9064-6537',1,'profile.jpg','n',0);insert into tblAddress values(addressseq.nextVal,'hqBXEb681',2,'T');
insert into tblMember values('WmHvTg324','ABbQkU773','함안완','울적한고릴라892',TO_DATE('1975-02-12', 'YYYY-MM-DD'),'F','JxlITV150@abcd.com','013-4862-5938',1,'profile.jpg','n',0);insert into tblAddress values(addressseq.nextVal,'WmHvTg324',2,'T');
insert into tblMember values('ZIxORG508','WvUvRO258','정삼위','비참한여우916',TO_DATE('2003-09-17', 'YYYY-MM-DD'),'F','sHchaf461@abcd.com','013-4812-7397',1,'profile.jpg','n',0);insert into tblAddress values(addressseq.nextVal,'ZIxORG508',2,'T');
insert into tblMember values('AHPGDC317','swBbYM659','천달웅','잘생긴푸들844',TO_DATE('1936-01-23', 'YYYY-MM-DD'),'F','FlyGLr679@abcd.com','010-3855-4392',1,'profile.jpg','n',0);insert into tblAddress values(addressseq.nextVal,'AHPGDC317',2,'T');
insert into tblMember values('ebcgnf758','JFtmhb779','진익누','창피한호랑이309',TO_DATE('2016-07-15', 'YYYY-MM-DD'),'F','ISRUgz415@abcd.com','011-6306-2943',1,'profile.jpg','n',0);insert into tblAddress values(addressseq.nextVal,'ebcgnf758',2,'T');
insert into tblMember values('IhDPGt731','XiBICd218','임복별','시끄러운잠바385',TO_DATE('2004-07-04', 'YYYY-MM-DD'),'M','grcsJz15@abcd.com','012-2280-6181',1,'profile.jpg','n',0);insert into tblAddress values(addressseq.nextVal,'IhDPGt731',2,'T');
insert into tblMember values('HHYpew596','VFlryW420','김건걸','위험한이병건645',TO_DATE('1971-02-26', 'YYYY-MM-DD'),'F','OHLArf725@abcd.com','012-2226-2763',1,'profile.jpg','n',0);insert into tblAddress values(addressseq.nextVal,'HHYpew596',2,'T');
insert into tblMember values('usQSkV282','inSbIs924','제일혜','상쾌한김풍751',TO_DATE('2000-07-19', 'YYYY-MM-DD'),'M','gnotZK678@abcd.com','012-2042-8464',1,'profile.jpg','n',0);insert into tblAddress values(addressseq.nextVal,'usQSkV282',2,'T');
insert into tblMember values('JSxWWk71','jFOOfA129','소충춘','잘생긴쿠팡맨521',TO_DATE('2013-10-16', 'YYYY-MM-DD'),'M','rJAWqv925@abcd.com','012-2295-7071',1,'profile.jpg','n',0);insert into tblAddress values(addressseq.nextVal,'JSxWWk71',2,'T');
insert into tblMember values('JFjxgT766','QURZxR911','선오실','멋있는삼성맨577',TO_DATE('2010-10-28', 'YYYY-MM-DD'),'M','NctMJd178@abcd.com','011-1883-5509',1,'profile.jpg','n',0);insert into tblAddress values(addressseq.nextVal,'JFjxgT766',2,'T');
insert into tblMember values('UYIEXw587','JvuzOe430','노다루','짜릿한이병건385',TO_DATE('2002-09-12', 'YYYY-MM-DD'),'M','jkjiPT105@abcd.com','010-0955-3249',1,'profile.jpg','n',0);insert into tblAddress values(addressseq.nextVal,'UYIEXw587',2,'T');
insert into tblMember values('lRezlJ872','nUgLnX912','추별사','수줍은잠바914',TO_DATE('2002-11-12', 'YYYY-MM-DD'),'F','bbWTxE692@abcd.com','012-5201-3390',1,'profile.jpg','n',0);insert into tblAddress values(addressseq.nextVal,'lRezlJ872',2,'T');
insert into tblMember values('PeJJEm723','fVtPrB990','윤구엄','위축되는수달327',TO_DATE('2017-11-12', 'YYYY-MM-DD'),'M','DJHxOW781@abcd.com','013-2980-0388',1,'profile.jpg','n',0);insert into tblAddress values(addressseq.nextVal,'PeJJEm723',2,'T');
insert into tblMember values('UwTjYd187','fqvboq129','지문주','잘생긴나무늘보955',TO_DATE('2001-11-07', 'YYYY-MM-DD'),'F','AUJcgG923@abcd.com','010-6221-2026',1,'profile.jpg','n',0);insert into tblAddress values(addressseq.nextVal,'UwTjYd187',2,'T');
insert into tblMember values('mAcxCz551','MFSfaP994','표다흠','신바람나는침팬치959',TO_DATE('2009-01-15', 'YYYY-MM-DD'),'M','QaVhwy550@abcd.com','010-5019-4771',1,'profile.jpg','n',0);insert into tblAddress values(addressseq.nextVal,'mAcxCz551',3,'T');
insert into tblMember values('GVvdiJ651','xALbih30','강석홍','수줍은커피391',TO_DATE('2005-04-06', 'YYYY-MM-DD'),'M','ANitFg319@abcd.com','012-1634-9067',1,'profile.jpg','n',0);insert into tblAddress values(addressseq.nextVal,'GVvdiJ651',3,'T');
insert into tblMember values('KXVElA567','otHiwv97','백대뜸','기분좋은너구리882',TO_DATE('2003-09-24', 'YYYY-MM-DD'),'M','JeLuFt630@abcd.com','012-9708-3923',1,'profile.jpg','n',0);insert into tblAddress values(addressseq.nextVal,'KXVElA567',3,'T');
insert into tblMember values('HMSlQo41','GnAOYA196','배도순','기분좋은얼룩말443',TO_DATE('1967-12-09', 'YYYY-MM-DD'),'M','fSNfwp524@abcd.com','011-4816-5305',1,'profile.jpg','n',0);insert into tblAddress values(addressseq.nextVal,'HMSlQo41',3,'T');
insert into tblMember values('YzrcvL736','ZOzgwf980','황오악','서운한고슴도치433',TO_DATE('2015-09-22', 'YYYY-MM-DD'),'M','pCpTAY737@abcd.com','010-0282-6659',1,'profile.jpg','n',0);insert into tblAddress values(addressseq.nextVal,'YzrcvL736',3,'T');
insert into tblMember values('xOPboP312','IlEGBc132','기잎담','이쁜돼지642',TO_DATE('2016-03-07', 'YYYY-MM-DD'),'F','OEBufQ412@abcd.com','010-2197-5999',1,'profile.jpg','n',0);insert into tblAddress values(addressseq.nextVal,'xOPboP312',3,'T');
insert into tblMember values('mpBeum210','aFpXOv890','채환술','배부른토끼906',TO_DATE('2014-01-19', 'YYYY-MM-DD'),'M','hqBOel133@abcd.com','011-9219-0404',1,'profile.jpg','n',0);insert into tblAddress values(addressseq.nextVal,'mpBeum210',3,'T');
insert into tblMember values('ZKcwid919','lQPKsj731','손덕란','열받은다람쥐838',TO_DATE('2007-12-06', 'YYYY-MM-DD'),'M','cOuUPu701@abcd.com','010-1962-5537',1,'profile.jpg','n',0);insert into tblAddress values(addressseq.nextVal,'ZKcwid919',3,'T');
insert into tblMember values('HGpWQa636','UejZAs139','연배민','긴장되는라마960',TO_DATE('1975-10-07', 'YYYY-MM-DD'),'F','xyOVsj799@abcd.com','011-6093-8892',1,'profile.jpg','n',0);insert into tblAddress values(addressseq.nextVal,'HGpWQa636',3,'T');
insert into tblMember values('beeNwd616','iFBkxJ369','방주박','두려운고릴라827',TO_DATE('2007-04-01', 'YYYY-MM-DD'),'F','qonsrS880@abcd.com','010-8497-6192',1,'profile.jpg','n',0);insert into tblAddress values(addressseq.nextVal,'beeNwd616',3,'T');
insert into tblMember values('nGOMtB83','gTLUfb256','마만엽','울적한너구리586',TO_DATE('1985-06-26', 'YYYY-MM-DD'),'M','NksnLu9@abcd.com','011-7955-6183',1,'profile.jpg','n',0);insert into tblAddress values(addressseq.nextVal,'nGOMtB83',3,'T');
insert into tblMember values('VQyAgk53','AOtYTP654','지우로','당당한여우719',TO_DATE('1932-10-15', 'YYYY-MM-DD'),'M','xoRYqq727@abcd.com','012-2391-6116',1,'profile.jpg','n',0);insert into tblAddress values(addressseq.nextVal,'VQyAgk53',3,'T');
insert into tblMember values('AqclLi569','SesTUl253','성세잔','그리운라마688',TO_DATE('1961-01-02', 'YYYY-MM-DD'),'F','UBdjdX261@abcd.com','010-0267-7270',1,'profile.jpg','n',0);insert into tblAddress values(addressseq.nextVal,'AqclLi569',3,'T');
insert into tblMember values('HfKjtQ361','RtdnVI541','마화광','위험한호랑이651',TO_DATE('1960-04-24', 'YYYY-MM-DD'),'F','LKCBoV416@abcd.com','010-3324-8240',1,'profile.jpg','n',0);insert into tblAddress values(addressseq.nextVal,'HfKjtQ361',3,'T');
insert into tblMember values('oPVOHN958','PPenOi502','위출규','시끄러운거북이663',TO_DATE('2016-11-05', 'YYYY-MM-DD'),'M','EaSNIP189@abcd.com','011-2589-3134',1,'profile.jpg','n',0);insert into tblAddress values(addressseq.nextVal,'oPVOHN958',3,'T');
insert into tblMember values('zFzBcy282','NYHNMR870','진나바','시끄러운삼성맨340',TO_DATE('2007-08-30', 'YYYY-MM-DD'),'F','NEngFa500@abcd.com','012-5732-5859',1,'profile.jpg','n',0);insert into tblAddress values(addressseq.nextVal,'zFzBcy282',3,'T');
insert into tblMember values('ooVKCk958','awbDwv239','석호혜','당당한기린746',TO_DATE('1943-02-26', 'YYYY-MM-DD'),'F','ztnoGW662@abcd.com','012-0734-1064',1,'profile.jpg','n',0);insert into tblAddress values(addressseq.nextVal,'ooVKCk958',3,'T');
insert into tblMember values('YtNGcN800','xKVdJk159','주시동','당당한염소366',TO_DATE('1996-01-15', 'YYYY-MM-DD'),'F','toeoeS287@abcd.com','012-3262-1709',1,'profile.jpg','n',0);insert into tblAddress values(addressseq.nextVal,'YtNGcN800',3,'T');
insert into tblMember values('wOrhgt200','QIYzdL10','장장실','위축되는곰854',TO_DATE('1991-03-28', 'YYYY-MM-DD'),'M','TSkwZm373@abcd.com','010-3358-1970',1,'profile.jpg','n',0);insert into tblAddress values(addressseq.nextVal,'wOrhgt200',3,'T');
insert into tblMember values('PRKzIM695','SIbVWA368','오비문','위험한고양이506',TO_DATE('1963-05-09', 'YYYY-MM-DD'),'M','YBTbMZ752@abcd.com','011-2286-9530',1,'profile.jpg','n',0);insert into tblAddress values(addressseq.nextVal,'PRKzIM695',3,'T');
insert into tblMember values('Ujwoce543','EYCWyV652','지성병','기분나쁜나무늘보721',TO_DATE('2007-05-03', 'YYYY-MM-DD'),'F','iJzgfx976@abcd.com','011-1268-6565',1,'profile.jpg','n',0);insert into tblAddress values(addressseq.nextVal,'Ujwoce543',4,'T');
insert into tblMember values('bjpRIf153','qINnQj970','제손슬','위험한주민889',TO_DATE('1966-07-13', 'YYYY-MM-DD'),'M','gkHBXj725@abcd.com','011-8356-0243',1,'profile.jpg','n',0);insert into tblAddress values(addressseq.nextVal,'bjpRIf153',4,'T');
insert into tblMember values('PNXEcR197','OEayAA439','서얀양','위험한자식참새766',TO_DATE('2005-09-28', 'YYYY-MM-DD'),'M','BGOIUL931@abcd.com','011-8795-8077',1,'profile.jpg','n',0);insert into tblAddress values(addressseq.nextVal,'PNXEcR197',4,'T');
insert into tblMember values('hAAPRD465','zAeaby956','정뜸을','기분나쁜고양이558',TO_DATE('2010-08-12', 'YYYY-MM-DD'),'M','gXQdoo622@abcd.com','012-0948-6590',1,'profile.jpg','n',0);insert into tblAddress values(addressseq.nextVal,'hAAPRD465',4,'T');
insert into tblMember values('RSOkWO723','YHoTxV92','장향탁','자유로운늑대827',TO_DATE('1990-08-20', 'YYYY-MM-DD'),'F','LjyOZA989@abcd.com','011-1253-0178',1,'profile.jpg','n',0);insert into tblAddress values(addressseq.nextVal,'RSOkWO723',4,'T');
insert into tblMember values('UJzmfe573','SybgZG331','주박균','배부른악어750',TO_DATE('2000-07-18', 'YYYY-MM-DD'),'M','CYUOSK822@abcd.com','013-0742-6800',1,'profile.jpg','n',0);insert into tblAddress values(addressseq.nextVal,'UJzmfe573',4,'T');
insert into tblMember values('hmXTIf694','vdxegj223','도순찬','두려운여우649',TO_DATE('2001-08-19', 'YYYY-MM-DD'),'F','DzkWpO528@abcd.com','013-1809-1264',1,'profile.jpg','n',0);insert into tblAddress values(addressseq.nextVal,'hmXTIf694',4,'T');
insert into tblMember values('wZtpIs978','cUOtkc867','정진숭','울적한쿠팡맨328',TO_DATE('2012-11-22', 'YYYY-MM-DD'),'M','CyTGFJ312@abcd.com','011-0528-9182',1,'profile.jpg','n',0);insert into tblAddress values(addressseq.nextVal,'wZtpIs978',4,'T');
insert into tblMember values('ibGVPA704','BrURmr512','신일용','두려운라마540',TO_DATE('1971-08-26', 'YYYY-MM-DD'),'M','gGwAGg94@abcd.com','011-6493-1438',1,'profile.jpg','n',0);insert into tblAddress values(addressseq.nextVal,'ibGVPA704',4,'T');
insert into tblMember values('DyOsZX108','nZZvLv595','안직식','위험한자식염소444',TO_DATE('2000-12-24', 'YYYY-MM-DD'),'F','Iabqiw867@abcd.com','011-7338-3024',1,'profile.jpg','n',0);insert into tblAddress values(addressseq.nextVal,'DyOsZX108',4,'T');
insert into tblMember values('apAvVR404','azGHnY379','강솔슬','배부른고슴도치389',TO_DATE('2002-07-17', 'YYYY-MM-DD'),'F','auKEjN761@abcd.com','010-1953-8103',1,'profile.jpg','n',0);insert into tblAddress values(addressseq.nextVal,'apAvVR404',4,'T');
insert into tblMember values('eSWTak851','ckXmGE276','구아개','상쾌한다람쥐537',TO_DATE('2005-09-21', 'YYYY-MM-DD'),'M','aDxwPn829@abcd.com','012-0117-0976',1,'profile.jpg','n',0);insert into tblAddress values(addressseq.nextVal,'eSWTak851',4,'T');
insert into tblMember values('YEqAnH221','CCRpfB964','노림노','신바람나는침팬치910',TO_DATE('1979-11-30', 'YYYY-MM-DD'),'M','ofnJjd78@abcd.com','013-8317-4740',1,'profile.jpg','n',0);insert into tblAddress values(addressseq.nextVal,'YEqAnH221',4,'T');
insert into tblMember values('dPlJIi581','bkXUwm811','석삼새','열받은이병건398',TO_DATE('2015-04-12', 'YYYY-MM-DD'),'F','kMBVDV657@abcd.com','013-4020-2960',1,'profile.jpg','n',0);insert into tblAddress values(addressseq.nextVal,'dPlJIi581',4,'T');
insert into tblMember values('vlZMvy975','fnsTFI993','배소원','긴장되는기린394',TO_DATE('2015-08-21', 'YYYY-MM-DD'),'F','YmYOSO558@abcd.com','012-1067-0205',1,'profile.jpg','n',0);insert into tblAddress values(addressseq.nextVal,'vlZMvy975',4,'T');
insert into tblMember values('wqzMWG771','uwPKUb380','백덕단','이쁜여우964',TO_DATE('1980-04-15', 'YYYY-MM-DD'),'F','mdBVWs103@abcd.com','010-8221-5071',1,'profile.jpg','n',0);insert into tblAddress values(addressseq.nextVal,'wqzMWG771',4,'T');
insert into tblMember values('Ljnsrr314','HYARYx10','차훔식','비참한앵무새717',TO_DATE('1958-06-18', 'YYYY-MM-DD'),'M','NaOXjG610@abcd.com','010-7855-1792',1,'profile.jpg','n',0);insert into tblAddress values(addressseq.nextVal,'Ljnsrr314',4,'T');
insert into tblMember values('NkdwRw503','fKuyre513','황대사','배부른얼룩말581',TO_DATE('2004-06-07', 'YYYY-MM-DD'),'M','JAgNxI129@abcd.com','010-9342-5564',1,'profile.jpg','n',0);insert into tblAddress values(addressseq.nextVal,'NkdwRw503',4,'T');
insert into tblMember values('dcleGc946','YGBoSJ674','허상재','비참한호랑이402',TO_DATE('2004-11-01', 'YYYY-MM-DD'),'F','GYjwIs566@abcd.com','011-2149-6444',1,'profile.jpg','n',0);insert into tblAddress values(addressseq.nextVal,'dcleGc946',4,'T');
insert into tblMember values('OCgbeL918','MDweWg226','반주해','긴장되는보드616',TO_DATE('2018-01-05', 'YYYY-MM-DD'),'F','HgRxUO872@abcd.com','012-9034-2997',1,'profile.jpg','n',0);insert into tblAddress values(addressseq.nextVal,'OCgbeL918',4,'T');
insert into tblMember values('BToiNR154','FOouHB635','성반진','위험한기린695',TO_DATE('1951-02-01', 'YYYY-MM-DD'),'M','FStTXH879@abcd.com','010-4741-1291',1,'profile.jpg','n',0);insert into tblAddress values(addressseq.nextVal,'BToiNR154',5,'T');
insert into tblMember values('EvOmYR148','vIZUAK624','주춘월','이쁜기린659',TO_DATE('2012-05-30', 'YYYY-MM-DD'),'F','RdzVVJ536@abcd.com','011-6978-5291',1,'profile.jpg','n',0);insert into tblAddress values(addressseq.nextVal,'EvOmYR148',5,'T');
insert into tblMember values('VjPxjK58','tFvofq270','설식익','심심한치타916',TO_DATE('1939-11-20', 'YYYY-MM-DD'),'M','rULJdQ426@abcd.com','012-6153-1807',1,'profile.jpg','n',0);insert into tblAddress values(addressseq.nextVal,'VjPxjK58',5,'T');
insert into tblMember values('svLLlZ858','qOqmBw755','홍주리','기분좋은잠바659',TO_DATE('1934-08-11', 'YYYY-MM-DD'),'F','hjWjDY640@abcd.com','011-5498-0188',1,'profile.jpg','n',0);insert into tblAddress values(addressseq.nextVal,'svLLlZ858',5,'T');
insert into tblMember values('KJWnHQ89','gulmbw300','노채누','기분나쁜수달609',TO_DATE('2000-03-13', 'YYYY-MM-DD'),'F','GaaDHv776@abcd.com','013-7615-7123',1,'profile.jpg','n',0);insert into tblAddress values(addressseq.nextVal,'KJWnHQ89',5,'T');
insert into tblMember values('CNjBUN790','KPFQIe444','고명덕','열받은삼성맨750',TO_DATE('2013-03-12', 'YYYY-MM-DD'),'M','pnYYvC227@abcd.com','011-5755-5859',1,'profile.jpg','n',0);insert into tblAddress values(addressseq.nextVal,'CNjBUN790',5,'T');
insert into tblMember values('EFPzCf902','jGhckl267','양보조','위축되는사자449',TO_DATE('1931-01-03', 'YYYY-MM-DD'),'F','ZriroP687@abcd.com','013-8915-5673',1,'profile.jpg','n',0);insert into tblAddress values(addressseq.nextVal,'EFPzCf902',5,'T');
insert into tblMember values('DLXSuF706','Gqermc604','한섬보','위험한자식염소975',TO_DATE('2003-11-03', 'YYYY-MM-DD'),'M','eraOXI293@abcd.com','010-1315-7974',1,'profile.jpg','n',0);insert into tblAddress values(addressseq.nextVal,'DLXSuF706',5,'T');
insert into tblMember values('ZRDWhN592','yUPrgh589','최길디','이쁜나무늘보607',TO_DATE('2005-12-24', 'YYYY-MM-DD'),'M','mYVZgq256@abcd.com','011-1321-5528',1,'profile.jpg','n',0);insert into tblAddress values(addressseq.nextVal,'ZRDWhN592',5,'T');
insert into tblMember values('wZCNIv728','HAiaED238','구마인','두려운이병건467',TO_DATE('2000-09-29', 'YYYY-MM-DD'),'F','yFyZrx925@abcd.com','012-1698-0753',1,'profile.jpg','n',0);insert into tblAddress values(addressseq.nextVal,'wZCNIv728',5,'T');
insert into tblMember values('YcLMIx334','fZFlls255','장리위','짜릿한앵무새364',TO_DATE('2006-09-01', 'YYYY-MM-DD'),'F','uiiElK994@abcd.com','012-1893-1904',1,'profile.jpg','n',0);insert into tblAddress values(addressseq.nextVal,'YcLMIx334',5,'T');
insert into tblMember values('DyWlOh789','cSvqLC675','석다관','정의로운다람쥐396',TO_DATE('2005-10-17', 'YYYY-MM-DD'),'F','EJCEAe275@abcd.com','012-6141-5217',1,'profile.jpg','n',0);insert into tblAddress values(addressseq.nextVal,'DyWlOh789',5,'T');
insert into tblMember values('tLgBrB928','QzSAkf284','연휴심','울적한삼성맨700',TO_DATE('2009-06-19', 'YYYY-MM-DD'),'F','rAnanP484@abcd.com','011-3044-2476',1,'profile.jpg','n',0);insert into tblAddress values(addressseq.nextVal,'tLgBrB928',5,'T');
insert into tblMember values('kAyTTn299','kXDkhB735','석흠초','창피한앵무새401',TO_DATE('2012-08-01', 'YYYY-MM-DD'),'M','GTiuYY789@abcd.com','011-6068-1096',1,'profile.jpg','n',0);insert into tblAddress values(addressseq.nextVal,'kAyTTn299',5,'T');
insert into tblMember values('lcSOno375','PXDlJK234','양고다','당당한치타770',TO_DATE('1994-08-06', 'YYYY-MM-DD'),'F','KYgYvI477@abcd.com','013-1467-7898',1,'profile.jpg','n',0);insert into tblAddress values(addressseq.nextVal,'lcSOno375',5,'T');
insert into tblMember values('taHoUZ282','ivJKNB401','하손석','짜릿한김풍577',TO_DATE('1933-12-28', 'YYYY-MM-DD'),'F','auJyWz780@abcd.com','011-7834-8219',1,'profile.jpg','n',0);insert into tblAddress values(addressseq.nextVal,'taHoUZ282',5,'T');
insert into tblMember values('cGSODl806','BgaPKY346','왕출홍','기분좋은여우978',TO_DATE('2013-01-04', 'YYYY-MM-DD'),'M','weFbgc577@abcd.com','013-6375-1184',1,'profile.jpg','n',0);insert into tblAddress values(addressseq.nextVal,'cGSODl806',5,'T');
insert into tblMember values('ZAvons150','VszoOT299','하분만','위험한카페사장718',TO_DATE('1968-07-24', 'YYYY-MM-DD'),'F','zgKmpG342@abcd.com','010-2287-5989',1,'profile.jpg','n',0);insert into tblAddress values(addressseq.nextVal,'ZAvons150',5,'T');
insert into tblMember values('auUquE138','HanUip134','전요비','수줍은사자583',TO_DATE('2000-03-21', 'YYYY-MM-DD'),'M','CWWLZz737@abcd.com','010-4996-6279',1,'profile.jpg','n',0);insert into tblAddress values(addressseq.nextVal,'auUquE138',5,'T');
insert into tblMember values('cjMhuF522','EIPjZs104','손구식','기분나쁜고슴도치723',TO_DATE('1969-02-02', 'YYYY-MM-DD'),'M','mBPPJj233@abcd.com','011-0854-7520',1,'profile.jpg','n',0);insert into tblAddress values(addressseq.nextVal,'cjMhuF522',5,'T');
insert into tblMember values('hMRQjJ78','vvHgCl214','변호효','자유로운고슴도치743',TO_DATE('1971-04-09', 'YYYY-MM-DD'),'M','QzoGRS572@abcd.com','013-9072-2257',1,'profile.jpg','n',0);insert into tblAddress values(addressseq.nextVal,'hMRQjJ78',6,'T');
insert into tblMember values('XXnyuj936','FHraKQ544','석얀경','이쁜치타856',TO_DATE('1996-07-07', 'YYYY-MM-DD'),'F','yfUaTB584@abcd.com','010-9022-6564',1,'profile.jpg','n',0);insert into tblAddress values(addressseq.nextVal,'XXnyuj936',6,'T');
insert into tblMember values('ZdWCIN572','WBcHAf408','문람혁','기분좋은기린854',TO_DATE('1987-03-03', 'YYYY-MM-DD'),'M','yFekGz326@abcd.com','011-1759-7074',1,'profile.jpg','n',0);insert into tblAddress values(addressseq.nextVal,'ZdWCIN572',6,'T');
insert into tblMember values('KtIedc161','JLJWcv778','주황훈','위축되는카페사장563',TO_DATE('1976-05-12', 'YYYY-MM-DD'),'F','mDhxUD565@abcd.com','013-5468-1732',1,'profile.jpg','n',0);insert into tblAddress values(addressseq.nextVal,'KtIedc161',6,'T');
insert into tblMember values('oEPPZG646','CbsmGy430','문공랑','잘생긴코끼리951',TO_DATE('2009-01-30', 'YYYY-MM-DD'),'F','dpHpcL341@abcd.com','013-9678-8202',1,'profile.jpg','n',0);insert into tblAddress values(addressseq.nextVal,'oEPPZG646',6,'T');
insert into tblMember values('wsCQEQ173','evBXIH366','현무나','두려운잠바994',TO_DATE('2006-05-04', 'YYYY-MM-DD'),'F','jobZzU816@abcd.com','013-4157-5883',1,'profile.jpg','n',0);insert into tblAddress values(addressseq.nextVal,'wsCQEQ173',6,'T');
insert into tblMember values('esDyeL721','OyzHaP630','소시숭','배부른커피816',TO_DATE('1977-11-25', 'YYYY-MM-DD'),'M','DWaban419@abcd.com','010-5573-9834',1,'profile.jpg','n',0);insert into tblAddress values(addressseq.nextVal,'esDyeL721',6,'T');
insert into tblMember values('gtmblf674','rXZCAY34','변랑심','위험한자식토끼362',TO_DATE('2010-08-20', 'YYYY-MM-DD'),'M','liPTFx663@abcd.com','013-8489-5002',1,'profile.jpg','n',0);insert into tblAddress values(addressseq.nextVal,'gtmblf674',6,'T');
insert into tblMember values('XNmyCe440','caKiOV546','심봉여','그리운커피314',TO_DATE('2006-08-02', 'YYYY-MM-DD'),'M','SQeSbc412@abcd.com','011-7539-3919',1,'profile.jpg','n',0);insert into tblAddress values(addressseq.nextVal,'XNmyCe440',6,'T');
insert into tblMember values('FuBYGs54','oRIcAT570','선영모','위험한푸들873',TO_DATE('2004-04-20', 'YYYY-MM-DD'),'F','WKSPEA930@abcd.com','013-5915-2647',1,'profile.jpg','n',0);insert into tblAddress values(addressseq.nextVal,'FuBYGs54',6,'T');
insert into tblMember values('JLHjpn183','nbsSBh156','주화홍','멋있는치타701',TO_DATE('1993-07-09', 'YYYY-MM-DD'),'M','pUDApO781@abcd.com','013-1313-3266',1,'profile.jpg','n',0);insert into tblAddress values(addressseq.nextVal,'JLHjpn183',6,'T');
insert into tblMember values('VCHVPv118','jVjmep145','변누인','신바람나는곰819',TO_DATE('1983-03-17', 'YYYY-MM-DD'),'F','ZhPylT309@abcd.com','011-1399-3342',1,'profile.jpg','n',0);insert into tblAddress values(addressseq.nextVal,'VCHVPv118',6,'T');
insert into tblMember values('pNyBtk224','avkgkc655','강창아','신바람나는얼룩말723',TO_DATE('1961-05-18', 'YYYY-MM-DD'),'F','IRhtti541@abcd.com','012-9008-7353',1,'profile.jpg','n',0);insert into tblAddress values(addressseq.nextVal,'pNyBtk224',6,'T');
insert into tblMember values('KPiZjY161','QZNGLF626','여흠성','기분좋은푸들886',TO_DATE('1938-11-27', 'YYYY-MM-DD'),'M','ALDQBh565@abcd.com','013-4005-3099',1,'profile.jpg','n',0);insert into tblAddress values(addressseq.nextVal,'KPiZjY161',6,'T');
insert into tblMember values('xURswD851','klcqoX535','양송인','상쾌한코끼리925',TO_DATE('1930-12-01', 'YYYY-MM-DD'),'M','ONWaZN747@abcd.com','010-4950-8583',1,'profile.jpg','n',0);insert into tblAddress values(addressseq.nextVal,'xURswD851',6,'T');
insert into tblMember values('bvEKkC863','PgwvBb293','주달덕','이쁜앵무새667',TO_DATE('2000-07-09', 'YYYY-MM-DD'),'F','lKUQik289@abcd.com','010-6279-9033',1,'profile.jpg','n',0);insert into tblAddress values(addressseq.nextVal,'bvEKkC863',6,'T');
insert into tblMember values('IpDwYm185','nweUjK685','임양부','기분나쁜고슴도치373',TO_DATE('1935-04-19', 'YYYY-MM-DD'),'F','GicqMU375@abcd.com','011-2004-5133',1,'profile.jpg','n',0);insert into tblAddress values(addressseq.nextVal,'IpDwYm185',6,'T');
insert into tblMember values('dbPDNe608','ajbauw523','방빛전','위험한강아지446',TO_DATE('2003-07-25', 'YYYY-MM-DD'),'F','FfPUsy227@abcd.com','011-5286-5415',1,'profile.jpg','n',0);insert into tblAddress values(addressseq.nextVal,'dbPDNe608',6,'T');
insert into tblMember values('FqzVDt956','gdJQgv845','길더려','시끄러운앵무새352',TO_DATE('2018-10-20', 'YYYY-MM-DD'),'F','GWMYGW202@abcd.com','012-0149-7326',1,'profile.jpg','n',0);insert into tblAddress values(addressseq.nextVal,'FqzVDt956',6,'T');
insert into tblMember values('HiZxRo418','XFnIOS383','방윤별','상쾌한현대487',TO_DATE('1970-06-08', 'YYYY-MM-DD'),'F','BBVIgj621@abcd.com','012-8590-5140',1,'profile.jpg','n',0);insert into tblAddress values(addressseq.nextVal,'HiZxRo418',6,'T');
insert into tblMember values('cZPkkt16','FTJsSB554','방유로','당당한다람쥐831',TO_DATE('2001-12-11', 'YYYY-MM-DD'),'M','GnTMOq782@abcd.com','012-2166-3166',1,'profile.jpg','n',0);insert into tblAddress values(addressseq.nextVal,'cZPkkt16',7,'T');
insert into tblMember values('jMPQZP226','iaRaMC275','인준효','수줍은돼지674',TO_DATE('2001-07-24', 'YYYY-MM-DD'),'F','eovHtF168@abcd.com','010-8843-8617',1,'profile.jpg','n',0);insert into tblAddress values(addressseq.nextVal,'jMPQZP226',7,'T');
insert into tblMember values('KKwgHX779','qfngiY220','연사개','잘생긴거북이606',TO_DATE('1958-09-03', 'YYYY-MM-DD'),'M','VueFkQ330@abcd.com','013-5916-0924',1,'profile.jpg','n',0);insert into tblAddress values(addressseq.nextVal,'KKwgHX779',7,'T');
insert into tblMember values('zUGJoG796','xBpgfR38','방예빈','배부른늑대512',TO_DATE('2008-11-12', 'YYYY-MM-DD'),'F','XnnZUa210@abcd.com','011-1949-2111',1,'profile.jpg','n',0);insert into tblAddress values(addressseq.nextVal,'zUGJoG796',7,'T');
insert into tblMember values('PcFegv266','lyyipF64','노창무','이쁜나무늘보369',TO_DATE('2017-01-25', 'YYYY-MM-DD'),'M','qKtzds414@abcd.com','010-7537-5001',1,'profile.jpg','n',0);insert into tblAddress values(addressseq.nextVal,'PcFegv266',7,'T');
insert into tblMember values('sPxHRh204','xoJSoj826','전안훈','잘생긴라마503',TO_DATE('1986-02-25', 'YYYY-MM-DD'),'M','dafYuX954@abcd.com','011-0015-3983',1,'profile.jpg','n',0);insert into tblAddress values(addressseq.nextVal,'sPxHRh204',7,'T');
insert into tblMember values('pWybRr388','hwXywE716','강화관','수줍은커피759',TO_DATE('2010-05-12', 'YYYY-MM-DD'),'F','VVcdUU88@abcd.com','013-8837-4493',1,'profile.jpg','n',0);insert into tblAddress values(addressseq.nextVal,'pWybRr388',7,'T');
insert into tblMember values('abyllr939','nPuCYR693','왕건범','울적한돼지709',TO_DATE('1941-04-17', 'YYYY-MM-DD'),'F','QOxiIu39@abcd.com','012-7786-2658',1,'profile.jpg','n',0);insert into tblAddress values(addressseq.nextVal,'abyllr939',7,'T');
insert into tblMember values('eVRpJG540','GhwFCo626','남경의','위축되는나무늘보649',TO_DATE('2001-03-20', 'YYYY-MM-DD'),'F','PxyDOf307@abcd.com','010-7327-8645',1,'profile.jpg','n',0);insert into tblAddress values(addressseq.nextVal,'eVRpJG540',7,'T');
insert into tblMember values('nXJeoW786','KInIYc480','여승웅','수줍은강아지629',TO_DATE('1932-04-11', 'YYYY-MM-DD'),'F','YJQmog714@abcd.com','010-1894-1540',1,'profile.jpg','n',0);insert into tblAddress values(addressseq.nextVal,'nXJeoW786',7,'T');
insert into tblMember values('SbTMJX226','kFaYDC909','우인황','수줍은토끼324',TO_DATE('2006-10-23', 'YYYY-MM-DD'),'M','tUonUT505@abcd.com','013-5533-8861',1,'profile.jpg','n',0);insert into tblAddress values(addressseq.nextVal,'SbTMJX226',7,'T');
insert into tblMember values('umrIDc973','oiKsyS214','서원병','이쁜곰533',TO_DATE('2001-07-04', 'YYYY-MM-DD'),'M','gsjdsT82@abcd.com','010-7790-6703',1,'profile.jpg','n',0);insert into tblAddress values(addressseq.nextVal,'umrIDc973',7,'T');
insert into tblMember values('FQpbhv392','isiUmR470','백양욱','기분좋은토끼618',TO_DATE('2012-02-04', 'YYYY-MM-DD'),'M','tLOqRh603@abcd.com','010-1652-2063',1,'profile.jpg','n',0);insert into tblAddress values(addressseq.nextVal,'FQpbhv392',7,'T');
insert into tblMember values('BLbVYe705','nRAOzR811','국해잎','심심한여우811',TO_DATE('2007-12-15', 'YYYY-MM-DD'),'F','QGzELF955@abcd.com','012-1115-9255',1,'profile.jpg','n',0);insert into tblAddress values(addressseq.nextVal,'BLbVYe705',7,'T');
insert into tblMember values('Oerbzr314','QqECQy526','반서비','배부른하프물범819',TO_DATE('2004-03-19', 'YYYY-MM-DD'),'F','AsJmxI850@abcd.com','012-6628-3893',1,'profile.jpg','n',0);insert into tblAddress values(addressseq.nextVal,'Oerbzr314',7,'T');
insert into tblMember values('WTkcnw843','DyTttf439','길가송','그리운토끼685',TO_DATE('2006-11-01', 'YYYY-MM-DD'),'M','bLcLPb714@abcd.com','010-8778-0236',1,'profile.jpg','n',0);insert into tblAddress values(addressseq.nextVal,'WTkcnw843',7,'T');
insert into tblMember values('OOpTVF362','tBjVaA986','구순석','열받은하프물범650',TO_DATE('1939-08-25', 'YYYY-MM-DD'),'F','efnGfG958@abcd.com','011-0879-8600',1,'profile.jpg','n',0);insert into tblAddress values(addressseq.nextVal,'OOpTVF362',7,'T');
insert into tblMember values('ltxxji133','lGPpto615','명판신','자유로운늑대977',TO_DATE('2001-02-17', 'YYYY-MM-DD'),'F','tSITuK566@abcd.com','013-8701-5821',1,'profile.jpg','n',0);insert into tblAddress values(addressseq.nextVal,'ltxxji133',7,'T');
insert into tblMember values('dkKLCx433','uYSJtc823','주정학','시끄러운김풍898',TO_DATE('1953-09-07', 'YYYY-MM-DD'),'F','WmRzYX622@abcd.com','011-4804-8847',1,'profile.jpg','n',0);insert into tblAddress values(addressseq.nextVal,'dkKLCx433',7,'T');
insert into tblMember values('UyffzN457','UEHUcl511','은린자','울적한늑대711',TO_DATE('2015-07-11', 'YYYY-MM-DD'),'F','uUVLeJ599@abcd.com','010-6578-3890',1,'profile.jpg','n',0);insert into tblAddress values(addressseq.nextVal,'UyffzN457',7,'T');
insert into tblMember values('WQpIgB376','bahbYr11','조형월','심심한삼성맨756',TO_DATE('1934-02-05', 'YYYY-MM-DD'),'F','gceYXd196@abcd.com','012-1832-7141',1,'profile.jpg','n',0);insert into tblAddress values(addressseq.nextVal,'WQpIgB376',8,'T');
insert into tblMember values('JBBBto719','EfBVAX820','강바인','위험한자식고슴도치886',TO_DATE('1966-05-10', 'YYYY-MM-DD'),'M','YPSkCv795@abcd.com','011-7212-9547',1,'profile.jpg','n',0);insert into tblAddress values(addressseq.nextVal,'JBBBto719',8,'T');
insert into tblMember values('qclUXr770','uxJdfe249','류태현','두려운강아지343',TO_DATE('1981-03-04', 'YYYY-MM-DD'),'M','vORFrZ960@abcd.com','011-8292-8844',1,'profile.jpg','n',0);insert into tblAddress values(addressseq.nextVal,'qclUXr770',8,'T');
insert into tblMember values('PCqBfB974','phQuaq339','명태백','정의로운침착맨643',TO_DATE('2005-10-03', 'YYYY-MM-DD'),'M','akacWH731@abcd.com','011-7227-7116',1,'profile.jpg','n',0);insert into tblAddress values(addressseq.nextVal,'PCqBfB974',8,'T');
insert into tblMember values('tkhSfQ112','PEXgvg335','연두별','멋있는곰356',TO_DATE('2015-08-28', 'YYYY-MM-DD'),'F','wXJiRM407@abcd.com','010-1118-8259',1,'profile.jpg','n',0);insert into tblAddress values(addressseq.nextVal,'tkhSfQ112',8,'T');
insert into tblMember values('yeNCsq172','HdHHFn503','백월으','열받은고슴도치520',TO_DATE('2005-04-14', 'YYYY-MM-DD'),'F','DRtFxD550@abcd.com','011-3546-7083',1,'profile.jpg','n',0);insert into tblAddress values(addressseq.nextVal,'yeNCsq172',8,'T');
insert into tblMember values('wDXXAF433','MjBvXc393','방란랑','위험한자식치타647',TO_DATE('1987-04-21', 'YYYY-MM-DD'),'F','JvpdBW610@abcd.com','010-8925-5343',1,'profile.jpg','n',0);insert into tblAddress values(addressseq.nextVal,'wDXXAF433',8,'T');
insert into tblMember values('hVnJtb125','PHbSnc763','여홍두','비참한라마581',TO_DATE('2011-09-20', 'YYYY-MM-DD'),'M','PAyIsf950@abcd.com','013-6175-7692',1,'profile.jpg','n',0);insert into tblAddress values(addressseq.nextVal,'hVnJtb125',8,'T');
insert into tblMember values('MaggBj419','rxHVvB83','곽울노','그리운주호민387',TO_DATE('1969-10-29', 'YYYY-MM-DD'),'M','pRyWUm557@abcd.com','011-6416-5528',1,'profile.jpg','n',0);insert into tblAddress values(addressseq.nextVal,'MaggBj419',8,'T');
insert into tblMember values('SCAhbV835','HSwvhS583','인중배','창피한하프물범922',TO_DATE('1948-03-06', 'YYYY-MM-DD'),'F','chGTSg399@abcd.com','010-7462-7336',1,'profile.jpg','n',0);insert into tblAddress values(addressseq.nextVal,'SCAhbV835',8,'T');
insert into tblMember values('WYgsZV154','MYsfgW62','반세출','신바람나는카페사장551',TO_DATE('2013-12-21', 'YYYY-MM-DD'),'F','PbfFIS947@abcd.com','013-9740-6504',1,'profile.jpg','n',0);insert into tblAddress values(addressseq.nextVal,'WYgsZV154',8,'T');
insert into tblMember values('paoTIf723','LwcRbd638','홍조랑','당당한쿠팡맨767',TO_DATE('1943-08-06', 'YYYY-MM-DD'),'M','ueLDkl779@abcd.com','011-3063-2322',1,'profile.jpg','n',0);insert into tblAddress values(addressseq.nextVal,'paoTIf723',8,'T');
insert into tblMember values('QOUqZk424','iMDdQi617','문애찬','당당한여우367',TO_DATE('2007-10-10', 'YYYY-MM-DD'),'M','ecfZkC893@abcd.com','012-8349-2747',1,'profile.jpg','n',0);insert into tblAddress values(addressseq.nextVal,'QOUqZk424',8,'T');
insert into tblMember values('Ppoitu662','VVoxep852','천변로','당당한주민787',TO_DATE('1983-02-26', 'YYYY-MM-DD'),'F','gOWJjS455@abcd.com','010-4895-0369',1,'profile.jpg','n',0);insert into tblAddress values(addressseq.nextVal,'Ppoitu662',8,'T');
insert into tblMember values('AZUeQb694','rEdCfl749','윤식고','상쾌한침팬치533',TO_DATE('2008-05-18', 'YYYY-MM-DD'),'F','MZWjFM815@abcd.com','011-2713-7107',1,'profile.jpg','n',0);insert into tblAddress values(addressseq.nextVal,'AZUeQb694',8,'T');
insert into tblMember values('FRqdik514','Gwoczd101','인순휘','신바람나는토끼889',TO_DATE('1970-03-02', 'YYYY-MM-DD'),'F','hHmJar670@abcd.com','012-1771-3248',1,'profile.jpg','n',0);insert into tblAddress values(addressseq.nextVal,'FRqdik514',8,'T');
insert into tblMember values('dhSYwL652','yFUzde102','선숙산','위험한판다465',TO_DATE('2010-03-09', 'YYYY-MM-DD'),'F','JaJmbP583@abcd.com','011-0345-0799',1,'profile.jpg','n',0);insert into tblAddress values(addressseq.nextVal,'dhSYwL652',8,'T');
insert into tblMember values('aGvfEr951','EAPNZF948','백강윤','배부른다람쥐519',TO_DATE('1983-04-03', 'YYYY-MM-DD'),'M','ZsEeYK80@abcd.com','010-5416-8074',1,'profile.jpg','n',0);insert into tblAddress values(addressseq.nextVal,'aGvfEr951',8,'T');
insert into tblMember values('RlyNpc206','jxJsxp976','성미용','신바람나는여우745',TO_DATE('1958-10-05', 'YYYY-MM-DD'),'F','UvIOEd873@abcd.com','010-6479-0975',1,'profile.jpg','n',0);insert into tblAddress values(addressseq.nextVal,'RlyNpc206',8,'T');
insert into tblMember values('BBYJzU573','yOJiuy993','정탐늘','기분나쁜물소933',TO_DATE('1936-11-14', 'YYYY-MM-DD'),'M','dWQhNb456@abcd.com','013-7712-4600',1,'profile.jpg','n',0);insert into tblAddress values(addressseq.nextVal,'BBYJzU573',8,'T');
insert into tblMember values('aMWuXH186','oFVzXK328','어개규','배부른토끼511',TO_DATE('1965-11-21', 'YYYY-MM-DD'),'M','pztEOK824@abcd.com','010-7199-2939',1,'profile.jpg','n',0);insert into tblAddress values(addressseq.nextVal,'aMWuXH186',9,'T');
insert into tblMember values('AstmLB655','kKHblq717','이덕개','두려운너구리946',TO_DATE('2009-07-21', 'YYYY-MM-DD'),'F','MRbWXm920@abcd.com','010-5388-8208',1,'profile.jpg','n',0);insert into tblAddress values(addressseq.nextVal,'AstmLB655',9,'T');
insert into tblMember values('jRnraR52','zCzqAM15','반판동','신바람나는돼지686',TO_DATE('2010-05-17', 'YYYY-MM-DD'),'M','BYHokx680@abcd.com','010-4321-8325',1,'profile.jpg','n',0);insert into tblAddress values(addressseq.nextVal,'jRnraR52',9,'T');
insert into tblMember values('ysVzen8','XodyDe909','금태련','위험한자식악어816',TO_DATE('2003-06-29', 'YYYY-MM-DD'),'F','RHTHQT638@abcd.com','010-0615-1445',1,'profile.jpg','n',0);insert into tblAddress values(addressseq.nextVal,'ysVzen8',9,'T');
insert into tblMember values('XHaLkH998','GibifJ897','한찬수','정의로운수달502',TO_DATE('1980-06-27', 'YYYY-MM-DD'),'M','NfRnLY75@abcd.com','012-8585-3832',1,'profile.jpg','n',0);insert into tblAddress values(addressseq.nextVal,'XHaLkH998',9,'T');
insert into tblMember values('KqFaRj751','qBBhpJ782','함서자','자유로운치타504',TO_DATE('1950-04-19', 'YYYY-MM-DD'),'F','WqmxBP463@abcd.com','010-4961-3195',1,'profile.jpg','n',0);insert into tblAddress values(addressseq.nextVal,'KqFaRj751',9,'T');
insert into tblMember values('oRMOjj242','eVuNxj144','백단루','기분좋은주호민936',TO_DATE('1941-08-29', 'YYYY-MM-DD'),'F','tTWcMa650@abcd.com','013-2667-9991',1,'profile.jpg','n',0);insert into tblAddress values(addressseq.nextVal,'oRMOjj242',9,'T');
insert into tblMember values('nUlStg277','TQbFWh121','신림민','긴장되는돼지302',TO_DATE('1986-05-17', 'YYYY-MM-DD'),'M','AKCPlS606@abcd.com','012-7105-9004',1,'profile.jpg','n',0);insert into tblAddress values(addressseq.nextVal,'nUlStg277',9,'T');
insert into tblMember values('zvffTz731','NzneZx601','허애겸','그리운주호민480',TO_DATE('1973-06-28', 'YYYY-MM-DD'),'M','UuFbdh97@abcd.com','013-6563-1717',1,'profile.jpg','n',0);insert into tblAddress values(addressseq.nextVal,'zvffTz731',9,'T');
insert into tblMember values('rpDdTO500','KwTChu687','소신슬','잘생긴카페사장421',TO_DATE('2004-06-19', 'YYYY-MM-DD'),'F','XMNLRl828@abcd.com','010-4691-2280',1,'profile.jpg','n',0);insert into tblAddress values(addressseq.nextVal,'rpDdTO500',9,'T');
insert into tblMember values('cYbujx403','zpaqfB129','탁태반','멋있는토끼952',TO_DATE('2016-10-16', 'YYYY-MM-DD'),'M','xVjzgw500@abcd.com','010-4647-6243',1,'profile.jpg','n',0);insert into tblAddress values(addressseq.nextVal,'cYbujx403',9,'T');
insert into tblMember values('FXqaXR620','EUbdqH620','황황개','위험한나무늘보705',TO_DATE('2006-08-15', 'YYYY-MM-DD'),'M','CGybGf745@abcd.com','013-7584-1175',1,'profile.jpg','n',0);insert into tblAddress values(addressseq.nextVal,'FXqaXR620',9,'T');
insert into tblMember values('tRSHei270','nAOtbU26','최공순','위험한자식이병건671',TO_DATE('2015-02-13', 'YYYY-MM-DD'),'F','okHjbh179@abcd.com','012-5226-0553',1,'profile.jpg','n',0);insert into tblAddress values(addressseq.nextVal,'tRSHei270',9,'T');
insert into tblMember values('fRbaKz669','tNqkuY63','위술반','울적한거북이765',TO_DATE('2012-03-06', 'YYYY-MM-DD'),'F','dStrjG775@abcd.com','013-7200-6221',1,'profile.jpg','n',0);insert into tblAddress values(addressseq.nextVal,'fRbaKz669',9,'T');
insert into tblMember values('qiuFtC135','ZkCxot7','신환울','위축되는침팬치754',TO_DATE('2006-11-27', 'YYYY-MM-DD'),'M','JkBJoM946@abcd.com','011-3854-5049',1,'profile.jpg','n',0);insert into tblAddress values(addressseq.nextVal,'qiuFtC135',9,'T');
insert into tblMember values('VdYHxJ966','JULiIp330','윤잎종','서운한원숭이998',TO_DATE('2009-04-10', 'YYYY-MM-DD'),'F','HrHnWU591@abcd.com','012-1601-4922',1,'profile.jpg','n',0);insert into tblAddress values(addressseq.nextVal,'VdYHxJ966',9,'T');
insert into tblMember values('TPSikP791','dvJsIN633','정치별','심심한침착맨941',TO_DATE('1936-12-06', 'YYYY-MM-DD'),'M','esJuyh275@abcd.com','012-8080-6209',1,'profile.jpg','n',0);insert into tblAddress values(addressseq.nextVal,'TPSikP791',9,'T');
insert into tblMember values('HVTKxw289','FnXKGW867','강준설','창피한카페사장919',TO_DATE('2000-09-18', 'YYYY-MM-DD'),'F','bEYfKZ425@abcd.com','013-4118-6525',1,'profile.jpg','n',0);insert into tblAddress values(addressseq.nextVal,'HVTKxw289',9,'T');
insert into tblMember values('WnucRr916','ewddvw144','강치설','위험한자식얼룩말398',TO_DATE('1979-04-07', 'YYYY-MM-DD'),'F','PNcyOR271@abcd.com','011-2289-8298',1,'profile.jpg','n',0);insert into tblAddress values(addressseq.nextVal,'WnucRr916',9,'T');
insert into tblMember values('rjzdtU461','TpICoA651','어루경','긴장되는염소541',TO_DATE('1997-10-04', 'YYYY-MM-DD'),'F','onWEFA47@abcd.com','013-6980-8165',1,'profile.jpg','n',0);insert into tblAddress values(addressseq.nextVal,'rjzdtU461',9,'T');
insert into tblMember values('BZosAa304','lKZyin774','양가령','기분나쁜물소656',TO_DATE('2005-07-27', 'YYYY-MM-DD'),'M','YMTyVT984@abcd.com','013-9498-7643',1,'profile.jpg','n',0);insert into tblAddress values(addressseq.nextVal,'BZosAa304',10,'T');
insert into tblMember values('LHhhzT493','XRfFub392','용뜸량','짜릿한악어953',TO_DATE('2001-07-05', 'YYYY-MM-DD'),'M','tUbosx697@abcd.com','012-8178-6431',1,'profile.jpg','n',0);insert into tblAddress values(addressseq.nextVal,'LHhhzT493',10,'T');
insert into tblMember values('XeizYL169','nVoudj557','신문위','열받은수달860',TO_DATE('2012-01-19', 'YYYY-MM-DD'),'F','kMvkZz784@abcd.com','011-7884-1887',1,'profile.jpg','n',0);insert into tblAddress values(addressseq.nextVal,'XeizYL169',10,'T');
insert into tblMember values('gUyukc600','QgCqof220','마후도','위험한고양이595',TO_DATE('1983-11-27', 'YYYY-MM-DD'),'M','omMJyc513@abcd.com','013-6907-3426',1,'profile.jpg','n',0);insert into tblAddress values(addressseq.nextVal,'gUyukc600',10,'T');
insert into tblMember values('zteMlc467','kmsYeZ581','국순기','기분나쁜앵무새374',TO_DATE('2012-05-13', 'YYYY-MM-DD'),'M','vyccsq755@abcd.com','010-4721-0393',1,'profile.jpg','n',0);insert into tblAddress values(addressseq.nextVal,'zteMlc467',10,'T');
insert into tblMember values('yZfTKF647','wllPqA926','어잎규','위험한자식호랑이334',TO_DATE('1937-07-07', 'YYYY-MM-DD'),'F','byPkCv993@abcd.com','011-2448-2514',1,'profile.jpg','n',0);insert into tblAddress values(addressseq.nextVal,'yZfTKF647',10,'T');
insert into tblMember values('oUHEbi360','TqZrZm442','설을탁','서운한나무늘보709',TO_DATE('2015-01-20', 'YYYY-MM-DD'),'F','iZsFOh718@abcd.com','013-0507-6366',1,'profile.jpg','n',0);insert into tblAddress values(addressseq.nextVal,'oUHEbi360',10,'T');
insert into tblMember values('mRuqSS328','WkrfNw28','인얀엽','수줍은판다913',TO_DATE('1935-04-16', 'YYYY-MM-DD'),'M','EqUmuX414@abcd.com','010-1340-7109',1,'profile.jpg','n',0);insert into tblAddress values(addressseq.nextVal,'mRuqSS328',10,'T');
insert into tblMember values('TOHCLU585','DAfBUm976','위은창','수줍은치타763',TO_DATE('2013-09-28', 'YYYY-MM-DD'),'F','FQDZaW838@abcd.com','011-9454-6523',1,'profile.jpg','n',0);insert into tblAddress values(addressseq.nextVal,'TOHCLU585',10,'T');
insert into tblMember values('BjrYPK410','enUorS231','전완누','위험한자식떼쓸라551',TO_DATE('2013-12-24', 'YYYY-MM-DD'),'M','dCltOf87@abcd.com','012-9829-7143',1,'profile.jpg','n',0);insert into tblAddress values(addressseq.nextVal,'BjrYPK410',10,'T');
insert into tblMember values('yJAust184','dKaJIY183','손훔민','신바람나는다람쥐840',TO_DATE('2002-05-08', 'YYYY-MM-DD'),'F','OfETel46@abcd.com','012-1050-1780',1,'profile.jpg','n',0);insert into tblAddress values(addressseq.nextVal,'yJAust184',10,'T');
insert into tblMember values('JzHhVo870','crPIWD473','남선애','긴장되는고양이803',TO_DATE('2008-07-27', 'YYYY-MM-DD'),'F','LrndAp485@abcd.com','013-0644-6108',1,'profile.jpg','n',0);insert into tblAddress values(addressseq.nextVal,'JzHhVo870',10,'T');
insert into tblMember values('hxIJkG773','krNRYM61','제려을','위험한자식여우361',TO_DATE('2012-02-25', 'YYYY-MM-DD'),'M','bqDvXD62@abcd.com','012-8667-7314',1,'profile.jpg','n',0);insert into tblAddress values(addressseq.nextVal,'hxIJkG773',10,'T');
insert into tblMember values('lMZjyE39','NUzDds819','배택찬','시끄러운사자685',TO_DATE('1947-09-06', 'YYYY-MM-DD'),'M','NRCxWN75@abcd.com','011-2827-5489',1,'profile.jpg','n',0);insert into tblAddress values(addressseq.nextVal,'lMZjyE39',10,'T');
insert into tblMember values('Ajqsuo906','avfARJ357','신길중','시끄러운치타448',TO_DATE('1968-07-13', 'YYYY-MM-DD'),'F','McsoDF567@abcd.com','010-8308-0060',1,'profile.jpg','n',0);insert into tblAddress values(addressseq.nextVal,'Ajqsuo906',10,'T');
insert into tblMember values('cCkDkW259','ImJxNz874','연량늬','멋있는사자930',TO_DATE('1954-05-27', 'YYYY-MM-DD'),'F','wKvzft17@abcd.com','013-6624-0104',1,'profile.jpg','n',0);insert into tblAddress values(addressseq.nextVal,'cCkDkW259',10,'T');
insert into tblMember values('DgDNug441','QJkgJb861','고훈아','두려운하프물범697',TO_DATE('1983-05-08', 'YYYY-MM-DD'),'F','sRHvrw17@abcd.com','010-5904-8485',1,'profile.jpg','n',0);insert into tblAddress values(addressseq.nextVal,'DgDNug441',10,'T');
insert into tblMember values('alrAdv565','gdpycu203','한련겸','배부른고슴도치661',TO_DATE('2016-05-23', 'YYYY-MM-DD'),'M','YSXNSC903@abcd.com','011-6085-5760',1,'profile.jpg','n',0);insert into tblAddress values(addressseq.nextVal,'alrAdv565',10,'T');
insert into tblMember values('dAFYEW525','UwfNTP840','탁배달','비참한하마823',TO_DATE('2014-08-21', 'YYYY-MM-DD'),'F','xDBavl850@abcd.com','010-9599-4665',1,'profile.jpg','n',0);insert into tblAddress values(addressseq.nextVal,'dAFYEW525',10,'T');
insert into tblMember values('HIrDyG660','jJPqqB955','고혁판','수줍은사자783',TO_DATE('1979-09-23', 'YYYY-MM-DD'),'F','cMACwu818@abcd.com','010-0901-7888',1,'profile.jpg','n',0);insert into tblAddress values(addressseq.nextVal,'HIrDyG660',10,'T');
insert into tblMember values('EwhptA292','gncmGE518','신만효','두려운커피925',TO_DATE('2001-01-13', 'YYYY-MM-DD'),'M','pPoViK421@abcd.com','012-5259-0265',1,'profile.jpg','n',0);insert into tblAddress values(addressseq.nextVal,'EwhptA292',11,'T');
insert into tblMember values('OSEHGa188','zNwSAs258','이준호','창피한카페사장408',TO_DATE('1986-03-08', 'YYYY-MM-DD'),'F','JFasvN97@abcd.com','013-3902-1485',1,'profile.jpg','n',0);insert into tblAddress values(addressseq.nextVal,'OSEHGa188',11,'T');
insert into tblMember values('JweSxK73','brqkTh426','류향가','상쾌한원숭이320',TO_DATE('2003-10-21', 'YYYY-MM-DD'),'F','GWkiKc627@abcd.com','013-5619-4338',1,'profile.jpg','n',0);insert into tblAddress values(addressseq.nextVal,'JweSxK73',11,'T');
insert into tblMember values('WAQotV107','lrstTw948','여예경','심심한치타888',TO_DATE('2001-12-23', 'YYYY-MM-DD'),'M','bMSMJN760@abcd.com','011-8988-8723',1,'profile.jpg','n',0);insert into tblAddress values(addressseq.nextVal,'WAQotV107',11,'T');
insert into tblMember values('DEtcdZ497','QcpxcE635','명광헌','기분좋은너구리875',TO_DATE('2016-11-08', 'YYYY-MM-DD'),'M','mZvWyM789@abcd.com','011-6443-3082',1,'profile.jpg','n',0);insert into tblAddress values(addressseq.nextVal,'DEtcdZ497',11,'T');
insert into tblMember values('QjgtlI511','IDqFeE250','배향지','이쁜앵무새864',TO_DATE('2008-09-16', 'YYYY-MM-DD'),'M','LQwgeP103@abcd.com','011-8494-5312',1,'profile.jpg','n',0);insert into tblAddress values(addressseq.nextVal,'QjgtlI511',11,'T');
insert into tblMember values('Tjwmdm606','qToCdm926','여만실','위험한자식수달568',TO_DATE('2016-11-08', 'YYYY-MM-DD'),'F','erIgxQ60@abcd.com','013-4064-2849',1,'profile.jpg','n',0);insert into tblAddress values(addressseq.nextVal,'Tjwmdm606',11,'T');
insert into tblMember values('WMnkIK469','eKtzgM486','명판익','비참한코끼리459',TO_DATE('1991-11-14', 'YYYY-MM-DD'),'M','iDkQoH931@abcd.com','010-7063-3305',1,'profile.jpg','n',0);insert into tblAddress values(addressseq.nextVal,'WMnkIK469',11,'T');
insert into tblMember values('KFpVLl712','oKVlra961','편영도','긴장되는라마468',TO_DATE('1984-03-09', 'YYYY-MM-DD'),'F','TRkldv188@abcd.com','011-7364-5671',1,'profile.jpg','n',0);insert into tblAddress values(addressseq.nextVal,'KFpVLl712',11,'T');
insert into tblMember values('xvUgQa761','rkYqkX542','엄로무','위험한나무늘보913',TO_DATE('2012-12-30', 'YYYY-MM-DD'),'M','XtaSGe585@abcd.com','010-4094-1370',1,'profile.jpg','n',0);insert into tblAddress values(addressseq.nextVal,'xvUgQa761',11,'T');
insert into tblMember values('VpXoif742','wwKUVg425','허요춘','잘생긴하마434',TO_DATE('2005-05-28', 'YYYY-MM-DD'),'F','dLaWgS566@abcd.com','011-1005-5635',1,'profile.jpg','n',0);insert into tblAddress values(addressseq.nextVal,'VpXoif742',11,'T');
insert into tblMember values('zIuPAM62','XyVNAF193','현준더','시끄러운곰391',TO_DATE('2007-06-05', 'YYYY-MM-DD'),'M','SGcaxD479@abcd.com','013-8847-1019',1,'profile.jpg','n',0);insert into tblAddress values(addressseq.nextVal,'zIuPAM62',11,'T');
insert into tblMember values('wrIAvY857','fgJiWF520','천림진','기분나쁜나무늘보890',TO_DATE('1971-09-26', 'YYYY-MM-DD'),'M','cdSTUM772@abcd.com','012-3060-1864',1,'profile.jpg','n',0);insert into tblAddress values(addressseq.nextVal,'wrIAvY857',11,'T');
insert into tblMember values('WbDuKs810','qHONrC689','우악면','울적한김풍601',TO_DATE('2000-08-03', 'YYYY-MM-DD'),'F','lREqbJ855@abcd.com','012-9665-8783',1,'profile.jpg','n',0);insert into tblAddress values(addressseq.nextVal,'WbDuKs810',11,'T');
insert into tblMember values('dVDrIp920','znrhiu761','한장주','울적한염소521',TO_DATE('1943-10-03', 'YYYY-MM-DD'),'F','lbkHdq870@abcd.com','011-0490-4883',1,'profile.jpg','n',0);insert into tblAddress values(addressseq.nextVal,'dVDrIp920',11,'T');
insert into tblMember values('OVgEsl730','birGkw179','서은곤','정의로운거북이995',TO_DATE('2010-02-14', 'YYYY-MM-DD'),'F','zGMHqk792@abcd.com','013-7507-9167',1,'profile.jpg','n',0);insert into tblAddress values(addressseq.nextVal,'OVgEsl730',11,'T');
insert into tblMember values('aTmEBW699','eFzoWe726','설화제','심심한얼룩말884',TO_DATE('2013-04-14', 'YYYY-MM-DD'),'F','NlqpnW173@abcd.com','011-7838-8658',1,'profile.jpg','n',0);insert into tblAddress values(addressseq.nextVal,'aTmEBW699',11,'T');
insert into tblMember values('qLpiLj700','TvtSdp997','명율관','위험한자식악어925',TO_DATE('1987-06-23', 'YYYY-MM-DD'),'M','zVtmij770@abcd.com','010-4368-5178',1,'profile.jpg','n',0);insert into tblAddress values(addressseq.nextVal,'qLpiLj700',11,'T');
insert into tblMember values('zfMlNp659','NtPAsk963','모량희','그리운잠바684',TO_DATE('2012-09-21', 'YYYY-MM-DD'),'M','YlLEfO831@abcd.com','012-0281-9435',1,'profile.jpg','n',0);insert into tblAddress values(addressseq.nextVal,'zfMlNp659',11,'T');
insert into tblMember values('lJArGI590','ICzzDQ360','한출후','두려운참새614',TO_DATE('1970-05-21', 'YYYY-MM-DD'),'F','mkIzoi969@abcd.com','012-3386-6031',1,'profile.jpg','n',0);insert into tblAddress values(addressseq.nextVal,'lJArGI590',11,'T');
insert into tblMember values('DaglpJ374','ySsDsm30','나상로','이쁜고양이939',TO_DATE('1981-12-12', 'YYYY-MM-DD'),'F','VDwgeK129@abcd.com','011-4548-0839',1,'profile.jpg','n',0);insert into tblAddress values(addressseq.nextVal,'DaglpJ374',12,'T');
insert into tblMember values('oPIRcf604','EVHgaH79','진덕흔','잘생긴참새774',TO_DATE('1966-06-29', 'YYYY-MM-DD'),'M','QczpOF483@abcd.com','013-6923-0657',1,'profile.jpg','n',0);insert into tblAddress values(addressseq.nextVal,'oPIRcf604',12,'T');
insert into tblMember values('csiqJk607','TBbSdg155','서을혼','수줍은다람쥐633',TO_DATE('2007-07-03', 'YYYY-MM-DD'),'F','qChTmm674@abcd.com','011-6656-4494',1,'profile.jpg','n',0);insert into tblAddress values(addressseq.nextVal,'csiqJk607',12,'T');
insert into tblMember values('nrDzDy712','UdfYIJ360','류율태','기분나쁜라마611',TO_DATE('1989-07-23', 'YYYY-MM-DD'),'M','diJXDI189@abcd.com','011-4352-1959',1,'profile.jpg','n',0);insert into tblAddress values(addressseq.nextVal,'nrDzDy712',12,'T');
insert into tblMember values('raIcDC142','obcWDp685','서연창','두려운보드892',TO_DATE('2008-09-16', 'YYYY-MM-DD'),'F','BZbRtS140@abcd.com','011-8839-2229',1,'profile.jpg','n',0);insert into tblAddress values(addressseq.nextVal,'raIcDC142',12,'T');
insert into tblMember values('hoTgJs565','AuWGib215','안나준','열받은악어406',TO_DATE('1966-02-04', 'YYYY-MM-DD'),'F','BNPCOP920@abcd.com','012-8343-4020',1,'profile.jpg','n',0);insert into tblAddress values(addressseq.nextVal,'hoTgJs565',12,'T');
insert into tblMember values('HvbSQF190','EVyUuj722','장혁래','신바람나는늑대619',TO_DATE('2009-08-14', 'YYYY-MM-DD'),'F','rahuGX989@abcd.com','010-7091-3789',1,'profile.jpg','n',0);insert into tblAddress values(addressseq.nextVal,'HvbSQF190',12,'T');
insert into tblMember values('nEFmvk311','FcUwmy550','민조택','심심한코끼리573',TO_DATE('2017-11-10', 'YYYY-MM-DD'),'M','qaxoyx342@abcd.com','011-5696-9419',1,'profile.jpg','n',0);insert into tblAddress values(addressseq.nextVal,'nEFmvk311',12,'T');
insert into tblMember values('PAcJek203','sIAcBv349','염언오','짜릿한물소725',TO_DATE('1932-10-07', 'YYYY-MM-DD'),'M','ZyzMGY935@abcd.com','010-8436-5194',1,'profile.jpg','n',0);insert into tblAddress values(addressseq.nextVal,'PAcJek203',12,'T');
insert into tblMember values('cKONOX61','kYFNiV380','민흠잎','심심한주호민745',TO_DATE('2011-09-03', 'YYYY-MM-DD'),'F','vaVJSJ768@abcd.com','013-8418-7083',1,'profile.jpg','n',0);insert into tblAddress values(addressseq.nextVal,'cKONOX61',12,'T');
insert into tblMember values('PMLQON134','BQaJln20','양상늬','울적한이병건665',TO_DATE('2006-02-12', 'YYYY-MM-DD'),'F','jvOOLP633@abcd.com','012-1592-5323',1,'profile.jpg','n',0);insert into tblAddress values(addressseq.nextVal,'PMLQON134',12,'T');
insert into tblMember values('yxeYJS876','NOmrJC697','어성담','창피한강아지625',TO_DATE('1984-01-25', 'YYYY-MM-DD'),'M','JZlykv593@abcd.com','012-1779-9938',1,'profile.jpg','n',0);insert into tblAddress values(addressseq.nextVal,'yxeYJS876',12,'T');
insert into tblMember values('tSLsSR695','LVolyL416','유충로','위험한주민767',TO_DATE('1990-07-16', 'YYYY-MM-DD'),'M','BVWTsx961@abcd.com','011-1683-8623',1,'profile.jpg','n',0);insert into tblAddress values(addressseq.nextVal,'tSLsSR695',12,'T');
insert into tblMember values('MIaRiI552','xmLXWr888','선성가','시끄러운보드695',TO_DATE('2016-08-19', 'YYYY-MM-DD'),'F','hQMraM156@abcd.com','012-0974-7751',1,'profile.jpg','n',0);insert into tblAddress values(addressseq.nextVal,'MIaRiI552',12,'T');
insert into tblMember values('ikskFW49','KdZuRe415','류원단','위험한쿠팡맨442',TO_DATE('1958-11-08', 'YYYY-MM-DD'),'F','UpKPDT97@abcd.com','013-3118-3519',1,'profile.jpg','n',0);insert into tblAddress values(addressseq.nextVal,'ikskFW49',12,'T');
insert into tblMember values('pNWyek809','rYxQdy700','안미구','긴장되는커피371',TO_DATE('2000-08-17', 'YYYY-MM-DD'),'F','rYNYse4@abcd.com','011-4908-1367',1,'profile.jpg','n',0);insert into tblAddress values(addressseq.nextVal,'pNWyek809',12,'T');
insert into tblMember values('yfhSnd991','sMWKsp949','윤엄제','자유로운카페사장882',TO_DATE('1944-10-08', 'YYYY-MM-DD'),'F','NMnFDi867@abcd.com','012-4941-6972',1,'profile.jpg','n',0);insert into tblAddress values(addressseq.nextVal,'yfhSnd991',12,'T');
insert into tblMember values('vbXsdH167','BhGRRK491','옥경반','멋있는푸들767',TO_DATE('2013-09-06', 'YYYY-MM-DD'),'M','Qzwogx6@abcd.com','013-8884-5128',1,'profile.jpg','n',0);insert into tblAddress values(addressseq.nextVal,'vbXsdH167',12,'T');
insert into tblMember values('azuvUy426','iYTbQS207','조솔완','배부른라마645',TO_DATE('1942-09-09', 'YYYY-MM-DD'),'M','dbcmqv133@abcd.com','012-5639-5813',1,'profile.jpg','n',0);insert into tblAddress values(addressseq.nextVal,'azuvUy426',12,'T');
insert into tblMember values('paprOE237','LTZTvn197','노건시','위험한자식고릴라546',TO_DATE('1960-04-13', 'YYYY-MM-DD'),'F','rznWWd261@abcd.com','013-1770-3261',1,'profile.jpg','n',0);insert into tblAddress values(addressseq.nextVal,'paprOE237',12,'T');
insert into tblMember values('OSppli665','uJyaqt207','육별종','멋있는하이에나410',TO_DATE('1968-04-18', 'YYYY-MM-DD'),'M','TqfeRt539@abcd.com','012-2012-8742',1,'profile.jpg','n',0);insert into tblAddress values(addressseq.nextVal,'OSppli665',13,'T');
insert into tblMember values('vRooAt693','GOxVWz185','현직광','짜릿한고양이357',TO_DATE('1983-06-15', 'YYYY-MM-DD'),'M','WmUaSi187@abcd.com','010-8238-9153',1,'profile.jpg','n',0);insert into tblAddress values(addressseq.nextVal,'vRooAt693',13,'T');
insert into tblMember values('fUMJZR917','VZgQQw8','허람인','수줍은쿠팡맨971',TO_DATE('1939-12-03', 'YYYY-MM-DD'),'F','hKFkQg572@abcd.com','010-0401-0768',1,'profile.jpg','n',0);insert into tblAddress values(addressseq.nextVal,'fUMJZR917',13,'T');
insert into tblMember values('PEPDgi606','yfOXMz967','송여찬','잘생긴악어787',TO_DATE('2018-03-30', 'YYYY-MM-DD'),'F','EWDEsc49@abcd.com','012-0961-6826',1,'profile.jpg','n',0);insert into tblAddress values(addressseq.nextVal,'PEPDgi606',13,'T');
insert into tblMember values('EMMCzn344','KvgsVi450','하울의','그리운하프물범969',TO_DATE('2008-03-01', 'YYYY-MM-DD'),'F','ghxCTI674@abcd.com','013-3396-8224',1,'profile.jpg','n',0);insert into tblAddress values(addressseq.nextVal,'EMMCzn344',13,'T');
insert into tblMember values('VGUxLM322','CyfCGo417','이욱출','이쁜치타482',TO_DATE('2016-04-01', 'YYYY-MM-DD'),'F','cGsGph326@abcd.com','013-2344-8740',1,'profile.jpg','n',0);insert into tblAddress values(addressseq.nextVal,'VGUxLM322',13,'T');
insert into tblMember values('EXokwq313','fJZpnM87','변걸선','기분좋은커피514',TO_DATE('1966-06-09', 'YYYY-MM-DD'),'F','FnKGeI127@abcd.com','011-9192-2564',1,'profile.jpg','n',0);insert into tblAddress values(addressseq.nextVal,'EXokwq313',13,'T');
insert into tblMember values('wdpTRd975','Twginf268','채복태','위축되는수달689',TO_DATE('1930-01-16', 'YYYY-MM-DD'),'M','vDAsdC717@abcd.com','012-1551-9711',1,'profile.jpg','n',0);insert into tblAddress values(addressseq.nextVal,'wdpTRd975',13,'T');
insert into tblMember values('kTZKrI246','dzinaK328','주완담','이쁜참새517',TO_DATE('1962-09-30', 'YYYY-MM-DD'),'M','DLjySa796@abcd.com','013-0178-3244',1,'profile.jpg','n',0);insert into tblAddress values(addressseq.nextVal,'kTZKrI246',13,'T');
insert into tblMember values('paCIHm743','FaNPEM428','여혁조','위험한보드431',TO_DATE('2011-03-03', 'YYYY-MM-DD'),'F','cncFbA403@abcd.com','011-7266-5680',1,'profile.jpg','n',0);insert into tblAddress values(addressseq.nextVal,'paCIHm743',13,'T');
insert into tblMember values('qyVNSW966','DgBYlw560','현훔겸','시끄러운너구리358',TO_DATE('1956-09-02', 'YYYY-MM-DD'),'M','JdNmcx811@abcd.com','010-8985-9651',1,'profile.jpg','n',0);insert into tblAddress values(addressseq.nextVal,'qyVNSW966',13,'T');
insert into tblMember values('nwVtPY627','hjXkdJ421','이삼모','비참한원숭이560',TO_DATE('1931-12-30', 'YYYY-MM-DD'),'M','rFgIli488@abcd.com','012-4251-0762',1,'profile.jpg','n',0);insert into tblAddress values(addressseq.nextVal,'nwVtPY627',13,'T');
insert into tblMember values('cdXmVF996','aqnunZ455','임여엄','비참한침팬치787',TO_DATE('1989-04-01', 'YYYY-MM-DD'),'M','wagxhu282@abcd.com','011-6000-3686',1,'profile.jpg','n',0);insert into tblAddress values(addressseq.nextVal,'cdXmVF996',13,'T');
insert into tblMember values('lOlZOW871','OACWpo962','신숙공','위험한자식커피949',TO_DATE('2011-11-02', 'YYYY-MM-DD'),'F','OGAbgY488@abcd.com','011-5848-9010',1,'profile.jpg','n',0);insert into tblAddress values(addressseq.nextVal,'lOlZOW871',13,'T');
insert into tblMember values('xJwrAQ188','xDmySx784','전형휘','기분좋은라마300',TO_DATE('1965-03-28', 'YYYY-MM-DD'),'M','jzFGHM157@abcd.com','011-4079-0521',1,'profile.jpg','n',0);insert into tblAddress values(addressseq.nextVal,'xJwrAQ188',13,'T');
insert into tblMember values('AKLDyM918','WMAiul312','육숭담','기분나쁜삼성맨668',TO_DATE('2016-03-23', 'YYYY-MM-DD'),'F','rYDYBy812@abcd.com','010-6124-7988',1,'profile.jpg','n',0);insert into tblAddress values(addressseq.nextVal,'AKLDyM918',13,'T');
insert into tblMember values('GeiLvu922','kvWBpx176','임산견','잘생긴라마409',TO_DATE('2005-06-26', 'YYYY-MM-DD'),'M','MMASOK991@abcd.com','013-8237-3083',1,'profile.jpg','n',0);insert into tblAddress values(addressseq.nextVal,'GeiLvu922',13,'T');
insert into tblMember values('XioXjw908','adBXUA951','남얀평','열받은보드364',TO_DATE('1951-07-26', 'YYYY-MM-DD'),'F','TPwqMv145@abcd.com','011-1840-9673',1,'profile.jpg','n',0);insert into tblAddress values(addressseq.nextVal,'XioXjw908',13,'T');
insert into tblMember values('yTVDhA521','RGAKOJ996','서묵성','멋있는하프물범997',TO_DATE('2007-03-09', 'YYYY-MM-DD'),'M','fDNLVn317@abcd.com','010-2471-5755',1,'profile.jpg','n',0);insert into tblAddress values(addressseq.nextVal,'yTVDhA521',13,'T');
insert into tblMember values('pqAJod638','CQSOLr265','남석미','신바람나는고릴라701',TO_DATE('2005-11-08', 'YYYY-MM-DD'),'M','HUFYKz696@abcd.com','011-7143-3406',1,'profile.jpg','n',0);insert into tblAddress values(addressseq.nextVal,'pqAJod638',13,'T');
insert into tblMember values('PcHNzA467','MlHDhg470','오강담','당당한떼쓸라875',TO_DATE('2002-07-25', 'YYYY-MM-DD'),'M','PCNRPp919@abcd.com','011-1771-0834',1,'profile.jpg','n',0);insert into tblAddress values(addressseq.nextVal,'PcHNzA467',14,'T');
insert into tblMember values('xrpSZf251','YrhfKX367','우형현','기분나쁜현대818',TO_DATE('2015-08-29', 'YYYY-MM-DD'),'M','HMtbtr357@abcd.com','010-2338-0801',1,'profile.jpg','n',0);insert into tblAddress values(addressseq.nextVal,'xrpSZf251',14,'T');
insert into tblMember values('zWKHlL1','tondsa279','장만양','이쁜커피510',TO_DATE('2007-11-04', 'YYYY-MM-DD'),'F','GrEXZa531@abcd.com','010-7865-9342',1,'profile.jpg','n',0);insert into tblAddress values(addressseq.nextVal,'zWKHlL1',14,'T');
insert into tblMember values('kPsnwc906','RHCEMG110','이석달','잘생긴참새372',TO_DATE('2008-07-24', 'YYYY-MM-DD'),'M','zrrzZd57@abcd.com','012-7176-8455',1,'profile.jpg','n',0);insert into tblAddress values(addressseq.nextVal,'kPsnwc906',14,'T');
insert into tblMember values('SgQgbA657','IJqRfH846','여겸잔','기분좋은고슴도치361',TO_DATE('2017-11-14', 'YYYY-MM-DD'),'F','LWKrKC847@abcd.com','013-1815-5097',1,'profile.jpg','n',0);insert into tblAddress values(addressseq.nextVal,'SgQgbA657',14,'T');
insert into tblMember values('xDtRjB273','RZNbox133','변문영','서운한삼성맨372',TO_DATE('1933-08-29', 'YYYY-MM-DD'),'M','iqgFbN543@abcd.com','013-4383-0065',1,'profile.jpg','n',0);insert into tblAddress values(addressseq.nextVal,'xDtRjB273',14,'T');
insert into tblMember values('voWNrj390','eBXrlj150','공흥미','기분나쁜다람쥐757',TO_DATE('2003-11-03', 'YYYY-MM-DD'),'M','hSQdPK265@abcd.com','012-7674-9964',1,'profile.jpg','n',0);insert into tblAddress values(addressseq.nextVal,'voWNrj390',14,'T');
insert into tblMember values('xKJtZN776','WDpOiF485','류언빛','긴장되는물소927',TO_DATE('2001-12-22', 'YYYY-MM-DD'),'M','GGXwCX158@abcd.com','012-3510-5373',1,'profile.jpg','n',0);insert into tblAddress values(addressseq.nextVal,'xKJtZN776',14,'T');
insert into tblMember values('uHBPrP508','FavQqd715','현범롱','위험한떼쓸라896',TO_DATE('1960-06-09', 'YYYY-MM-DD'),'F','CHLWlL881@abcd.com','011-9874-0846',1,'profile.jpg','n',0);insert into tblAddress values(addressseq.nextVal,'uHBPrP508',14,'T');
insert into tblMember values('rMhhHK398','mjnAew176','유예석','자유로운치타478',TO_DATE('1942-02-07', 'YYYY-MM-DD'),'F','ajbzvi388@abcd.com','010-6984-2852',1,'profile.jpg','n',0);insert into tblAddress values(addressseq.nextVal,'rMhhHK398',14,'T');
insert into tblMember values('ONljDG716','baEdcv828','차담윤','시끄러운잠바356',TO_DATE('1988-12-11', 'YYYY-MM-DD'),'M','didfhG848@abcd.com','010-9842-1562',1,'profile.jpg','n',0);insert into tblAddress values(addressseq.nextVal,'ONljDG716',14,'T');
insert into tblMember values('SJLIuI758','HadIWa197','권박잎','수줍은치타556',TO_DATE('2011-08-24', 'YYYY-MM-DD'),'F','MUHQlI881@abcd.com','011-1044-9783',1,'profile.jpg','n',0);insert into tblAddress values(addressseq.nextVal,'SJLIuI758',14,'T');
insert into tblMember values('umMaTb563','qGKOqn847','최문우','그리운수달481',TO_DATE('2013-01-06', 'YYYY-MM-DD'),'M','fMuEDL592@abcd.com','013-2934-8680',1,'profile.jpg','n',0);insert into tblAddress values(addressseq.nextVal,'umMaTb563',14,'T');
insert into tblMember values('QqCJbl214','hJxyeE827','설제숭','배부른푸들778',TO_DATE('2016-11-21', 'YYYY-MM-DD'),'M','EKNCkd895@abcd.com','013-1045-6524',1,'profile.jpg','n',0);insert into tblAddress values(addressseq.nextVal,'QqCJbl214',14,'T');
insert into tblMember values('iDkyUs617','XZeSAL211','모섭우','비참한기린343',TO_DATE('1985-10-26', 'YYYY-MM-DD'),'M','pftcrV184@abcd.com','012-8054-1298',1,'profile.jpg','n',0);insert into tblAddress values(addressseq.nextVal,'iDkyUs617',14,'T');
insert into tblMember values('MDunnY821','KrITpD708','최별애','열받은라마308',TO_DATE('1967-01-19', 'YYYY-MM-DD'),'F','xgqRRJ175@abcd.com','011-3302-4618',1,'profile.jpg','n',0);insert into tblAddress values(addressseq.nextVal,'MDunnY821',14,'T');
insert into tblMember values('UdwpcF42','hefsMf423','함승균','그리운고릴라733',TO_DATE('2013-07-16', 'YYYY-MM-DD'),'M','ciofjc79@abcd.com','011-0445-8449',1,'profile.jpg','n',0);insert into tblAddress values(addressseq.nextVal,'UdwpcF42',14,'T');
insert into tblMember values('WAGlYt726','xnIbnZ152','천일주','두려운토끼858',TO_DATE('1956-12-15', 'YYYY-MM-DD'),'M','txmWNt284@abcd.com','012-9355-9617',1,'profile.jpg','n',0);insert into tblAddress values(addressseq.nextVal,'WAGlYt726',14,'T');
insert into tblMember values('Zzgwnj798','gOMtJO728','양오사','기분나쁜물소392',TO_DATE('2016-11-11', 'YYYY-MM-DD'),'F','wLTwSZ171@abcd.com','013-1645-0702',1,'profile.jpg','n',0);insert into tblAddress values(addressseq.nextVal,'Zzgwnj798',14,'T');
insert into tblMember values('FRlMdZ323','QMZyTH985','노일호','위험한자식얼룩말726',TO_DATE('2013-06-30', 'YYYY-MM-DD'),'M','MFzBYt605@abcd.com','013-3494-0246',1,'profile.jpg','n',0);insert into tblAddress values(addressseq.nextVal,'FRlMdZ323',14,'T');
insert into tblMember values('yWrBtx125','ebowQP155','반흔학','짜릿한토끼722',TO_DATE('1969-12-23', 'YYYY-MM-DD'),'F','ULpmSV838@abcd.com','010-5672-9947',1,'profile.jpg','n',0);insert into tblAddress values(addressseq.nextVal,'yWrBtx125',15,'T');
insert into tblMember values('ynayAi280','eobHiN366','신누들','위험한얼룩말977',TO_DATE('1957-08-30', 'YYYY-MM-DD'),'M','KWhiJC38@abcd.com','013-2193-6495',1,'profile.jpg','n',0);insert into tblAddress values(addressseq.nextVal,'ynayAi280',15,'T');
insert into tblMember values('xhwBgL276','nxzWTw726','추위곤','위험한자식하프물범596',TO_DATE('1993-06-25', 'YYYY-MM-DD'),'F','SLHdFg441@abcd.com','011-2809-4071',1,'profile.jpg','n',0);insert into tblAddress values(addressseq.nextVal,'xhwBgL276',15,'T');
insert into tblMember values('DlPtgE496','PmKImj323','전린상','긴장되는라마916',TO_DATE('1987-11-19', 'YYYY-MM-DD'),'M','iQNdgH581@abcd.com','013-4951-9157',1,'profile.jpg','n',0);insert into tblAddress values(addressseq.nextVal,'DlPtgE496',15,'T');
insert into tblMember values('uywCxU489','BjAFGM30','허도용','정의로운고양이890',TO_DATE('1993-02-11', 'YYYY-MM-DD'),'M','zNRwqM976@abcd.com','013-6688-7728',1,'profile.jpg','n',0);insert into tblAddress values(addressseq.nextVal,'uywCxU489',15,'T');
insert into tblMember values('rhNmqE473','SPFtbJ776','마우개','위험한자식하마750',TO_DATE('1992-07-17', 'YYYY-MM-DD'),'M','PfYvyn926@abcd.com','010-9107-5299',1,'profile.jpg','n',0);insert into tblAddress values(addressseq.nextVal,'rhNmqE473',15,'T');
insert into tblMember values('LrBMoi252','sDZOFw715','주인웅','이쁜앵무새505',TO_DATE('2014-03-11', 'YYYY-MM-DD'),'M','qEcfcY217@abcd.com','011-6058-1838',1,'profile.jpg','n',0);insert into tblAddress values(addressseq.nextVal,'LrBMoi252',15,'T');
insert into tblMember values('vWLyNx981','fOaDKg880','류철흠','긴장되는고양이812',TO_DATE('2008-04-09', 'YYYY-MM-DD'),'M','BWDwNB827@abcd.com','012-4038-7765',1,'profile.jpg','n',0);insert into tblAddress values(addressseq.nextVal,'vWLyNx981',15,'T');
insert into tblMember values('UfeGEj5','aioABX835','진회루','비참한커피678',TO_DATE('1934-02-11', 'YYYY-MM-DD'),'F','AkIFWe776@abcd.com','013-0360-2212',1,'profile.jpg','n',0);insert into tblAddress values(addressseq.nextVal,'UfeGEj5',15,'T');
insert into tblMember values('CZFwib899','fITjMz588','편애래','자유로운여우541',TO_DATE('1982-05-28', 'YYYY-MM-DD'),'F','JYGvOZ828@abcd.com','012-7506-3845',1,'profile.jpg','n',0);insert into tblAddress values(addressseq.nextVal,'CZFwib899',15,'T');
insert into tblMember values('meoBwi717','FVpNLp509','여여수','잘생긴참새331',TO_DATE('2006-04-14', 'YYYY-MM-DD'),'M','hFzzqT706@abcd.com','010-1175-3243',1,'profile.jpg','n',0);insert into tblAddress values(addressseq.nextVal,'meoBwi717',15,'T');
insert into tblMember values('JLygxm208','rTMRid378','허달만','창피한돼지576',TO_DATE('2007-10-27', 'YYYY-MM-DD'),'F','uobahy510@abcd.com','013-0167-3236',1,'profile.jpg','n',0);insert into tblAddress values(addressseq.nextVal,'JLygxm208',15,'T');
insert into tblMember values('vlcluS27','oghvva625','방롱양','열받은토끼727',TO_DATE('1969-07-02', 'YYYY-MM-DD'),'M','ghKszn121@abcd.com','013-6343-6846',1,'profile.jpg','n',0);insert into tblAddress values(addressseq.nextVal,'vlcluS27',15,'T');
insert into tblMember values('MSfTai870','KuycCk872','권만웅','짜릿한참새609',TO_DATE('1963-11-08', 'YYYY-MM-DD'),'F','GfBLWc267@abcd.com','010-4406-6670',1,'profile.jpg','n',0);insert into tblAddress values(addressseq.nextVal,'MSfTai870',15,'T');
insert into tblMember values('IjjMEo316','vHtDvE211','반라송','그리운코끼리380',TO_DATE('2014-01-30', 'YYYY-MM-DD'),'M','FqePib430@abcd.com','013-9396-3879',1,'profile.jpg','n',0);insert into tblAddress values(addressseq.nextVal,'IjjMEo316',15,'T');
insert into tblMember values('gxlWzl802','HAhxQq770','박천랑','비참한돼지679',TO_DATE('1966-12-01', 'YYYY-MM-DD'),'M','HvSxRT571@abcd.com','011-2182-8757',1,'profile.jpg','n',0);insert into tblAddress values(addressseq.nextVal,'gxlWzl802',15,'T');
insert into tblMember values('wAnvqa973','eBpzVe453','조솜만','배부른토끼862',TO_DATE('1954-10-11', 'YYYY-MM-DD'),'F','irEqzn272@abcd.com','010-0159-9393',1,'profile.jpg','n',0);insert into tblAddress values(addressseq.nextVal,'wAnvqa973',15,'T');
insert into tblMember values('OvFfep175','LUdqYw102','나진분','서운한쿠팡맨404',TO_DATE('1951-11-08', 'YYYY-MM-DD'),'F','KfpIvk4@abcd.com','010-4336-1451',1,'profile.jpg','n',0);insert into tblAddress values(addressseq.nextVal,'OvFfep175',15,'T');
insert into tblMember values('LoHrlb228','BypGze826','편악미','짜릿한고양이695',TO_DATE('2006-02-23', 'YYYY-MM-DD'),'F','dmbyBu186@abcd.com','012-9331-3726',1,'profile.jpg','n',0);insert into tblAddress values(addressseq.nextVal,'LoHrlb228',15,'T');
insert into tblMember values('iTtgWd68','NSEbdp407','구헌섭','배부른치타702',TO_DATE('2017-02-09', 'YYYY-MM-DD'),'F','DvsDQH28@abcd.com','010-4001-1710',1,'profile.jpg','n',0);insert into tblAddress values(addressseq.nextVal,'iTtgWd68',15,'T');
insert into tblMember values('TjcpCa782','SrHsGc128','진유요','멋있는다람쥐569',TO_DATE('1958-07-15', 'YYYY-MM-DD'),'F','pyZHkg476@abcd.com','012-1891-0121',1,'profile.jpg','n',0);insert into tblAddress values(addressseq.nextVal,'TjcpCa782',16,'T');
insert into tblMember values('XWXSOw582','YEALjb170','노민설','위험한다람쥐798',TO_DATE('1979-12-13', 'YYYY-MM-DD'),'F','bEuYxa129@abcd.com','010-0144-6691',1,'profile.jpg','n',0);insert into tblAddress values(addressseq.nextVal,'XWXSOw582',16,'T');
insert into tblMember values('txHePD465','KaCyCg976','소흠건','위험한김풍406',TO_DATE('2007-12-08', 'YYYY-MM-DD'),'M','AmVsMd756@abcd.com','010-4501-9824',1,'profile.jpg','n',0);insert into tblAddress values(addressseq.nextVal,'txHePD465',16,'T');
insert into tblMember values('jFOHcx888','hqmBcT490','구박새','수줍은잠바638',TO_DATE('2011-09-03', 'YYYY-MM-DD'),'F','VXxELF750@abcd.com','011-0871-3102',1,'profile.jpg','n',0);insert into tblAddress values(addressseq.nextVal,'jFOHcx888',16,'T');
insert into tblMember values('ioekam212','QRWTaU444','변찬들','잘생긴여우931',TO_DATE('1961-09-04', 'YYYY-MM-DD'),'F','RmsZNm738@abcd.com','012-4430-4390',1,'profile.jpg','n',0);insert into tblAddress values(addressseq.nextVal,'ioekam212',16,'T');
insert into tblMember values('HMrHLZ571','QWwvxd435','지판택','멋있는커피418',TO_DATE('1953-06-20', 'YYYY-MM-DD'),'M','ZbCrKS724@abcd.com','012-2168-0044',1,'profile.jpg','n',0);insert into tblAddress values(addressseq.nextVal,'HMrHLZ571',16,'T');
insert into tblMember values('BQQlyE803','fszgsM810','반시황','심심한현대450',TO_DATE('1931-01-03', 'YYYY-MM-DD'),'F','DzHUHP749@abcd.com','013-3757-1626',1,'profile.jpg','n',0);insert into tblAddress values(addressseq.nextVal,'BQQlyE803',16,'T');
insert into tblMember values('piPKYO670','FLDOvW534','신엄건','기분나쁜카페사장912',TO_DATE('1968-05-04', 'YYYY-MM-DD'),'F','haprPz509@abcd.com','013-1972-7436',1,'profile.jpg','n',0);insert into tblAddress values(addressseq.nextVal,'piPKYO670',16,'T');
insert into tblMember values('bJVTTa965','CDxlla844','육신선','자유로운침착맨777',TO_DATE('2015-02-11', 'YYYY-MM-DD'),'M','MZsNAh158@abcd.com','013-0861-4777',1,'profile.jpg','n',0);insert into tblAddress values(addressseq.nextVal,'bJVTTa965',16,'T');
insert into tblMember values('SOeVZj76','rXhGyM717','남천남','심심한판다367',TO_DATE('2015-09-24', 'YYYY-MM-DD'),'M','vrDwGQ381@abcd.com','010-8977-5581',1,'profile.jpg','n',0);insert into tblAddress values(addressseq.nextVal,'SOeVZj76',16,'T');
insert into tblMember values('eCVsdB452','HkRFvv22','손훈오','자유로운침착맨996',TO_DATE('1998-08-23', 'YYYY-MM-DD'),'F','TdXEyb901@abcd.com','013-6886-2754',1,'profile.jpg','n',0);insert into tblAddress values(addressseq.nextVal,'eCVsdB452',16,'T');
insert into tblMember values('eOzDhe530','CrvpUi153','고고휴','기분나쁜늑대820',TO_DATE('2017-02-20', 'YYYY-MM-DD'),'M','cSdWMK371@abcd.com','012-7823-7330',1,'profile.jpg','n',0);insert into tblAddress values(addressseq.nextVal,'eOzDhe530',16,'T');
insert into tblMember values('iKCuLx617','ndrnWL292','길삼영','이쁜참새898',TO_DATE('1943-07-18', 'YYYY-MM-DD'),'M','Kgbclu165@abcd.com','011-7084-1453',1,'profile.jpg','n',0);insert into tblAddress values(addressseq.nextVal,'iKCuLx617',16,'T');
insert into tblMember values('ieuPKK306','SiHuNk700','곽유사','긴장되는주민474',TO_DATE('2014-06-23', 'YYYY-MM-DD'),'M','BbGgMb633@abcd.com','012-5834-9260',1,'profile.jpg','n',0);insert into tblAddress values(addressseq.nextVal,'ieuPKK306',16,'T');
insert into tblMember values('TwkfCU622','zfOHOs942','도곤천','수줍은얼룩말482',TO_DATE('2012-03-13', 'YYYY-MM-DD'),'F','wfigpP730@abcd.com','012-8105-0491',1,'profile.jpg','n',0);insert into tblAddress values(addressseq.nextVal,'TwkfCU622',16,'T');
insert into tblMember values('zfsIAL875','vQKGGt831','현판흠','당당한커피823',TO_DATE('1934-04-23', 'YYYY-MM-DD'),'M','gQpPgE719@abcd.com','010-7183-8733',1,'profile.jpg','n',0);insert into tblAddress values(addressseq.nextVal,'zfsIAL875',16,'T');
insert into tblMember values('CbakcA566','msFSDc710','방빈고','짜릿한늑대359',TO_DATE('1946-06-19', 'YYYY-MM-DD'),'F','NKPsTB552@abcd.com','010-9376-5892',1,'profile.jpg','n',0);insert into tblAddress values(addressseq.nextVal,'CbakcA566',16,'T');
insert into tblMember values('zpCeWR190','fqxQsd778','진실으','두려운잠바421',TO_DATE('1974-10-24', 'YYYY-MM-DD'),'M','IxQxoS936@abcd.com','010-6944-2322',1,'profile.jpg','n',0);insert into tblAddress values(addressseq.nextVal,'zpCeWR190',16,'T');
insert into tblMember values('dLPQbv879','vwzVkI701','차정권','위험한자식호랑이464',TO_DATE('2002-01-25', 'YYYY-MM-DD'),'M','rMmUGG995@abcd.com','010-9905-5364',1,'profile.jpg','n',0);insert into tblAddress values(addressseq.nextVal,'dLPQbv879',16,'T');
insert into tblMember values('CnUpCB778','dWWgGd660','편루요','울적한라마367',TO_DATE('1930-02-18', 'YYYY-MM-DD'),'M','mKXvud948@abcd.com','012-4232-1346',1,'profile.jpg','n',0);insert into tblAddress values(addressseq.nextVal,'CnUpCB778',16,'T');
insert into tblMember values('WBrmuF469','POAZaJ127','유관잎','그리운기린733',TO_DATE('2008-03-30', 'YYYY-MM-DD'),'M','VZhCvm693@abcd.com','012-3517-3609',1,'profile.jpg','n',0);insert into tblAddress values(addressseq.nextVal,'WBrmuF469',17,'T');
insert into tblMember values('jgJEND499','SJXDko336','염섬누','열받은얼룩말622',TO_DATE('2005-03-24', 'YYYY-MM-DD'),'M','IWHyEu21@abcd.com','010-0623-3461',1,'profile.jpg','n',0);insert into tblAddress values(addressseq.nextVal,'jgJEND499',17,'T');
insert into tblMember values('ttlWiz353','sPStUO386','위마회','서운한고양이394',TO_DATE('2009-10-01', 'YYYY-MM-DD'),'F','rDALYI904@abcd.com','012-3171-1667',1,'profile.jpg','n',0);insert into tblAddress values(addressseq.nextVal,'ttlWiz353',17,'T');
insert into tblMember values('dYUJpR46','WIOYLJ700','서욱초','멋있는거북이888',TO_DATE('1932-04-13', 'YYYY-MM-DD'),'F','CNxlmO46@abcd.com','012-3494-6473',1,'profile.jpg','n',0);insert into tblAddress values(addressseq.nextVal,'dYUJpR46',17,'T');
insert into tblMember values('Cajwfr117','MQkrtm57','위얀악','심심한기린426',TO_DATE('1987-12-02', 'YYYY-MM-DD'),'F','PUFsIK642@abcd.com','011-4981-6705',1,'profile.jpg','n',0);insert into tblAddress values(addressseq.nextVal,'Cajwfr117',17,'T');
insert into tblMember values('TkBwcy556','hJagnx140','백섬학','상쾌한악어602',TO_DATE('2005-01-22', 'YYYY-MM-DD'),'F','Ajyvdr620@abcd.com','011-1598-1015',1,'profile.jpg','n',0);insert into tblAddress values(addressseq.nextVal,'TkBwcy556',17,'T');
insert into tblMember values('Cjhwzm400','NWDBxq7','심충향','울적한원숭이898',TO_DATE('1931-04-06', 'YYYY-MM-DD'),'M','oyvsCe424@abcd.com','012-6144-0441',1,'profile.jpg','n',0);insert into tblAddress values(addressseq.nextVal,'Cjhwzm400',17,'T');
insert into tblMember values('lDFHrI725','MmKTFV839','차아선','두려운늑대666',TO_DATE('2001-10-30', 'YYYY-MM-DD'),'F','qanJTK732@abcd.com','013-8607-9431',1,'profile.jpg','n',0);insert into tblAddress values(addressseq.nextVal,'lDFHrI725',17,'T');
insert into tblMember values('Ylneyn779','DcCwkT108','제진보','비참한수달407',TO_DATE('2004-11-07', 'YYYY-MM-DD'),'M','xuwZhc226@abcd.com','011-1194-9063',1,'profile.jpg','n',0);insert into tblAddress values(addressseq.nextVal,'Ylneyn779',17,'T');
insert into tblMember values('bJUBVu586','ykWQER343','공량월','상쾌한곰986',TO_DATE('1958-11-08', 'YYYY-MM-DD'),'F','CRPSun809@abcd.com','013-6773-8472',1,'profile.jpg','n',0);insert into tblAddress values(addressseq.nextVal,'bJUBVu586',17,'T');
insert into tblMember values('MNwYtF771','fIFbOd123','방평태','창피한고양이781',TO_DATE('1947-04-29', 'YYYY-MM-DD'),'F','ppXoDz627@abcd.com','012-6100-3743',1,'profile.jpg','n',0);insert into tblAddress values(addressseq.nextVal,'MNwYtF771',17,'T');
insert into tblMember values('XuubPy922','WIgCvz707','공탁길','잘생긴카페사장353',TO_DATE('2009-07-23', 'YYYY-MM-DD'),'M','gHpmCI80@abcd.com','011-9573-0767',1,'profile.jpg','n',0);insert into tblAddress values(addressseq.nextVal,'XuubPy922',17,'T');
insert into tblMember values('oEopOG249','ADDySY238','석위익','그리운침팬치675',TO_DATE('1948-04-30', 'YYYY-MM-DD'),'F','rBqFNV251@abcd.com','011-8730-1940',1,'profile.jpg','n',0);insert into tblAddress values(addressseq.nextVal,'oEopOG249',17,'T');
insert into tblMember values('nUYspH649','OhVplS516','육개옥','잘생긴호랑이680',TO_DATE('1952-09-18', 'YYYY-MM-DD'),'F','YMeGWj98@abcd.com','013-1118-3794',1,'profile.jpg','n',0);insert into tblAddress values(addressseq.nextVal,'nUYspH649',17,'T');
insert into tblMember values('dPYGCl463','flIkvt956','인용은','비참한침팬치327',TO_DATE('2013-08-09', 'YYYY-MM-DD'),'M','HVofgF820@abcd.com','010-4014-0523',1,'profile.jpg','n',0);insert into tblAddress values(addressseq.nextVal,'dPYGCl463',17,'T');
insert into tblMember values('VuxQGQ140','BIGkbg964','길효형','기분좋은호랑이408',TO_DATE('2007-08-20', 'YYYY-MM-DD'),'M','oLHBpC792@abcd.com','013-6119-4828',1,'profile.jpg','n',0);insert into tblAddress values(addressseq.nextVal,'VuxQGQ140',17,'T');
insert into tblMember values('OlBgiV647','Aqagdu786','최주숭','멋있는얼룩말964',TO_DATE('1964-07-07', 'YYYY-MM-DD'),'M','tnzydi416@abcd.com','011-3661-9559',1,'profile.jpg','n',0);insert into tblAddress values(addressseq.nextVal,'OlBgiV647',17,'T');
insert into tblMember values('mkPANq712','zRYdAS272','위건천','신바람나는이병건684',TO_DATE('2011-07-18', 'YYYY-MM-DD'),'F','peHZwF526@abcd.com','012-0813-4104',1,'profile.jpg','n',0);insert into tblAddress values(addressseq.nextVal,'mkPANq712',17,'T');
insert into tblMember values('WnOKmE220','ZAFQfb545','방재균','울적한염소576',TO_DATE('2004-12-27', 'YYYY-MM-DD'),'M','fdpszD659@abcd.com','013-7640-3993',1,'profile.jpg','n',0);insert into tblAddress values(addressseq.nextVal,'WnOKmE220',17,'T');
insert into tblMember values('gRYgWU241','MXgwoE463','위가남','기분좋은나무늘보595',TO_DATE('2012-03-02', 'YYYY-MM-DD'),'F','fyjrmC196@abcd.com','013-4022-2079',1,'profile.jpg','n',0);insert into tblAddress values(addressseq.nextVal,'gRYgWU241',17,'T');
insert into tblMember values('iEMdRK888','cEDfxG174','서정옥','비참한고슴도치660',TO_DATE('2002-04-11', 'YYYY-MM-DD'),'F','FiPtvc525@abcd.com','013-5113-9856',1,'profile.jpg','n',0);insert into tblAddress values(addressseq.nextVal,'iEMdRK888',18,'T');
insert into tblMember values('BIpuIE212','HfChOp633','배홍연','기분좋은김풍650',TO_DATE('1940-12-18', 'YYYY-MM-DD'),'M','krfimM969@abcd.com','012-0567-8096',1,'profile.jpg','n',0);insert into tblAddress values(addressseq.nextVal,'BIpuIE212',18,'T');
insert into tblMember values('woHWmV319','YHdhSQ121','곽문옥','배부른이병건363',TO_DATE('1951-08-07', 'YYYY-MM-DD'),'M','QtDQna100@abcd.com','013-5467-0599',1,'profile.jpg','n',0);insert into tblAddress values(addressseq.nextVal,'woHWmV319',18,'T');
insert into tblMember values('OdRyLW400','uYdfcz892','추개손','비참한침착맨794',TO_DATE('2001-03-25', 'YYYY-MM-DD'),'M','dPUlBz288@abcd.com','012-9140-0639',1,'profile.jpg','n',0);insert into tblAddress values(addressseq.nextVal,'OdRyLW400',18,'T');
insert into tblMember values('zPXWSv6','fpdUcO677','제흥장','시끄러운고양이602',TO_DATE('2012-03-10', 'YYYY-MM-DD'),'M','WBgIgk474@abcd.com','011-8948-5167',1,'profile.jpg','n',0);insert into tblAddress values(addressseq.nextVal,'zPXWSv6',18,'T');
insert into tblMember values('rXpamM460','HgqYPE646','왕서의','신바람나는거북이488',TO_DATE('2002-07-06', 'YYYY-MM-DD'),'M','dRxAdC697@abcd.com','012-3457-1213',1,'profile.jpg','n',0);insert into tblAddress values(addressseq.nextVal,'rXpamM460',18,'T');
insert into tblMember values('fuznpq512','IhsWcN831','홍변지','긴장되는잠바542',TO_DATE('2000-01-11', 'YYYY-MM-DD'),'F','ZvQoiT358@abcd.com','010-4295-2605',1,'profile.jpg','n',0);insert into tblAddress values(addressseq.nextVal,'fuznpq512',18,'T');
insert into tblMember values('FfbGOT42','PdoOkK341','최후단','정의로운커피916',TO_DATE('1935-12-20', 'YYYY-MM-DD'),'F','VIKKcy284@abcd.com','010-6622-8432',1,'profile.jpg','n',0);insert into tblAddress values(addressseq.nextVal,'FfbGOT42',18,'T');
insert into tblMember values('kMCosn249','VHUCky651','여들명','울적한판다747',TO_DATE('2018-05-27', 'YYYY-MM-DD'),'M','zGUagv752@abcd.com','013-3399-5264',1,'profile.jpg','n',0);insert into tblAddress values(addressseq.nextVal,'kMCosn249',18,'T');
insert into tblMember values('NeSJlJ33','QLPdMd911','소을흔','멋있는원숭이615',TO_DATE('1996-07-09', 'YYYY-MM-DD'),'M','hPZWbX789@abcd.com','010-2830-1309',1,'profile.jpg','n',0);insert into tblAddress values(addressseq.nextVal,'NeSJlJ33',18,'T');
insert into tblMember values('DYrynB504','HkqlWq728','양겸고','당당한토끼840',TO_DATE('1939-04-06', 'YYYY-MM-DD'),'F','PvHyZO986@abcd.com','013-6037-0794',1,'profile.jpg','n',0);insert into tblAddress values(addressseq.nextVal,'DYrynB504',18,'T');
insert into tblMember values('BuLrHo112','iWdchE323','최경평','잘생긴사자899',TO_DATE('2011-04-23', 'YYYY-MM-DD'),'M','hREyxw237@abcd.com','013-7222-9641',1,'profile.jpg','n',0);insert into tblAddress values(addressseq.nextVal,'BuLrHo112',18,'T');
insert into tblMember values('uNZbbk942','ZykuVs288','장나유','위험한자식푸들547',TO_DATE('2009-03-09', 'YYYY-MM-DD'),'M','MuNjad471@abcd.com','011-4265-2068',1,'profile.jpg','n',0);insert into tblAddress values(addressseq.nextVal,'uNZbbk942',18,'T');
insert into tblMember values('LXsAjJ676','efYLzg81','하솔직','자유로운너구리309',TO_DATE('2016-06-11', 'YYYY-MM-DD'),'F','Utfjoq11@abcd.com','011-6303-3261',1,'profile.jpg','n',0);insert into tblAddress values(addressseq.nextVal,'LXsAjJ676',18,'T');
insert into tblMember values('XJpbdD648','pdoXVg787','여양채','짜릿한하프물범350',TO_DATE('2009-05-02', 'YYYY-MM-DD'),'M','YuPweT5@abcd.com','010-7223-7659',1,'profile.jpg','n',0);insert into tblAddress values(addressseq.nextVal,'XJpbdD648',18,'T');
insert into tblMember values('WWVnBQ320','MfxGrS623','노기술','당당한악어709',TO_DATE('1988-05-22', 'YYYY-MM-DD'),'M','QjkGkK99@abcd.com','013-1089-7217',1,'profile.jpg','n',0);insert into tblAddress values(addressseq.nextVal,'WWVnBQ320',18,'T');
insert into tblMember values('cJtKEf450','RDyVCr399','차섬춘','열받은강아지509',TO_DATE('2009-11-16', 'YYYY-MM-DD'),'M','SEtnnA294@abcd.com','013-8598-8767',1,'profile.jpg','n',0);insert into tblAddress values(addressseq.nextVal,'cJtKEf450',18,'T');
insert into tblMember values('cEnUph274','qCVORw882','변향탁','비참한곰365',TO_DATE('2008-06-29', 'YYYY-MM-DD'),'F','KPOPjV779@abcd.com','013-9830-1521',1,'profile.jpg','n',0);insert into tblAddress values(addressseq.nextVal,'cEnUph274',18,'T');
insert into tblMember values('KvWYVL203','nbDQUG401','조동혁','열받은수달911',TO_DATE('1989-08-14', 'YYYY-MM-DD'),'M','FNMqmJ219@abcd.com','012-4355-9350',1,'profile.jpg','n',0);insert into tblAddress values(addressseq.nextVal,'KvWYVL203',18,'T');
insert into tblMember values('mgbdGv333','BSFrNm665','탁황혼','열받은삼성맨776',TO_DATE('1992-10-29', 'YYYY-MM-DD'),'F','psuIIY167@abcd.com','010-5221-9786',1,'profile.jpg','n',0);insert into tblAddress values(addressseq.nextVal,'mgbdGv333',18,'T');
insert into tblMember values('aZgMTU264','SiPqsX159','방보타','정의로운고슴도치907',TO_DATE('1939-03-21', 'YYYY-MM-DD'),'M','hjoZDd130@abcd.com','013-8323-0286',1,'profile.jpg','n',0);insert into tblAddress values(addressseq.nextVal,'aZgMTU264',19,'T');
insert into tblMember values('RoFkoZ69','Bbcsnj751','방위근','시끄러운침착맨545',TO_DATE('2002-10-05', 'YYYY-MM-DD'),'M','CjtqMT459@abcd.com','011-1882-8822',1,'profile.jpg','n',0);insert into tblAddress values(addressseq.nextVal,'RoFkoZ69',19,'T');
insert into tblMember values('eHQlvD32','OnxGzV315','임담아','그리운너구리304',TO_DATE('2009-09-10', 'YYYY-MM-DD'),'M','PXUYtL106@abcd.com','013-9410-2897',1,'profile.jpg','n',0);insert into tblAddress values(addressseq.nextVal,'eHQlvD32',19,'T');
insert into tblMember values('RcBlda618','YsCLiI693','유백초','그리운염소625',TO_DATE('1955-02-02', 'YYYY-MM-DD'),'M','BPtkMj519@abcd.com','013-5960-8700',1,'profile.jpg','n',0);insert into tblAddress values(addressseq.nextVal,'RcBlda618',19,'T');
insert into tblMember values('ffMLuQ717','xqBseD878','양엽엄','비참한사자326',TO_DATE('1955-04-28', 'YYYY-MM-DD'),'M','HQbWrx639@abcd.com','013-3924-6167',1,'profile.jpg','n',0);insert into tblAddress values(addressseq.nextVal,'ffMLuQ717',19,'T');
insert into tblMember values('CZSPlV504','XPubwi729','진택나','창피한김풍303',TO_DATE('1983-06-03', 'YYYY-MM-DD'),'F','Ifqloh495@abcd.com','012-8456-0677',1,'profile.jpg','n',0);insert into tblAddress values(addressseq.nextVal,'CZSPlV504',19,'T');
insert into tblMember values('qBoUmK876','ivTTbC584','도훈승','기분나쁜앵무새798',TO_DATE('2017-01-13', 'YYYY-MM-DD'),'F','houVgK448@abcd.com','012-9592-8161',1,'profile.jpg','n',0);insert into tblAddress values(addressseq.nextVal,'qBoUmK876',19,'T');
insert into tblMember values('GaItXR800','RiAIaB321','편강으','심심한고슴도치913',TO_DATE('1990-03-20', 'YYYY-MM-DD'),'F','uZwEqt119@abcd.com','012-1902-7865',1,'profile.jpg','n',0);insert into tblAddress values(addressseq.nextVal,'GaItXR800',19,'T');
insert into tblMember values('tSLXdp918','UUsheq710','유문한','짜릿한물소656',TO_DATE('2002-03-16', 'YYYY-MM-DD'),'M','lgQgxm450@abcd.com','011-1998-5329',1,'profile.jpg','n',0);insert into tblAddress values(addressseq.nextVal,'tSLXdp918',19,'T');
insert into tblMember values('nCdaUm321','XDYUdP994','송훈술','울적한사자938',TO_DATE('1980-09-26', 'YYYY-MM-DD'),'F','pBIxgg554@abcd.com','011-5827-5123',1,'profile.jpg','n',0);insert into tblAddress values(addressseq.nextVal,'nCdaUm321',19,'T');
insert into tblMember values('DcWTkT11','VkRvvJ55','백지상','기분나쁜고양이733',TO_DATE('2017-07-10', 'YYYY-MM-DD'),'M','JqMFLZ977@abcd.com','012-9244-9253',1,'profile.jpg','n',0);insert into tblAddress values(addressseq.nextVal,'DcWTkT11',19,'T');
insert into tblMember values('lsIXzZ883','Kcpyhq43','국식진','두려운카페사장471',TO_DATE('2013-02-25', 'YYYY-MM-DD'),'F','qFEQLL670@abcd.com','010-9164-4647',1,'profile.jpg','n',0);insert into tblAddress values(addressseq.nextVal,'lsIXzZ883',19,'T');
insert into tblMember values('aZjNaq251','scNeXV391','설하언','수줍은강아지850',TO_DATE('1970-12-14', 'YYYY-MM-DD'),'F','ckgHUZ826@abcd.com','011-8507-3457',1,'profile.jpg','n',0);insert into tblAddress values(addressseq.nextVal,'aZjNaq251',19,'T');
insert into tblMember values('FpZQCh744','bNSIFl66','장서전','위험한기린852',TO_DATE('2009-07-02', 'YYYY-MM-DD'),'M','lIxVpb287@abcd.com','010-9899-0410',1,'profile.jpg','n',0);insert into tblAddress values(addressseq.nextVal,'FpZQCh744',19,'T');
insert into tblMember values('axoIZM676','NmmCxe642','윤윤얀','당당한사자813',TO_DATE('2016-11-15', 'YYYY-MM-DD'),'F','LUBvdA824@abcd.com','013-4476-7353',1,'profile.jpg','n',0);insert into tblAddress values(addressseq.nextVal,'axoIZM676',19,'T');
insert into tblMember values('acCiOi490','Tfztej296','신훈걸','위험한앵무새689',TO_DATE('2016-09-28', 'YYYY-MM-DD'),'M','sOJohF202@abcd.com','012-7881-7235',1,'profile.jpg','n',0);insert into tblAddress values(addressseq.nextVal,'acCiOi490',19,'T');
insert into tblMember values('rKxVSe742','znQBAb994','성주택','정의로운사자956',TO_DATE('1963-08-01', 'YYYY-MM-DD'),'M','JnuLAi217@abcd.com','011-3890-6652',1,'profile.jpg','n',0);insert into tblAddress values(addressseq.nextVal,'rKxVSe742',19,'T');
insert into tblMember values('BPnXJv126','jLNAIg980','김후얀','울적한현대435',TO_DATE('1954-06-27', 'YYYY-MM-DD'),'F','aXlVic809@abcd.com','013-5556-0630',1,'profile.jpg','n',0);insert into tblAddress values(addressseq.nextVal,'BPnXJv126',19,'T');
insert into tblMember values('tMhiKV497','EWiQdf467','방출언','배부른현대796',TO_DATE('2018-01-23', 'YYYY-MM-DD'),'F','QuLwsl832@abcd.com','010-9554-8673',1,'profile.jpg','n',0);insert into tblAddress values(addressseq.nextVal,'tMhiKV497',19,'T');
insert into tblMember values('LDnawY375','rRJrxd970','송훔려','기분나쁜거북이597',TO_DATE('1963-12-09', 'YYYY-MM-DD'),'F','fBwPYP496@abcd.com','010-1938-6465',1,'profile.jpg','n',0);insert into tblAddress values(addressseq.nextVal,'LDnawY375',19,'T');
insert into tblMember values('ajyJpp860','MoRBaj1','윤혁엽','그리운강아지837',TO_DATE('1957-02-17', 'YYYY-MM-DD'),'F','jQvzRA269@abcd.com','013-9492-3448',1,'profile.jpg','n',0);insert into tblAddress values(addressseq.nextVal,'ajyJpp860',20,'T');
insert into tblMember values('ryiHSL643','AgMHZS329','권은악','두려운푸들452',TO_DATE('2011-07-23', 'YYYY-MM-DD'),'M','nargWp637@abcd.com','012-2192-2687',1,'profile.jpg','n',0);insert into tblAddress values(addressseq.nextVal,'ryiHSL643',20,'T');
insert into tblMember values('yCmRTA294','JxOyZO336','남서건','짜릿한거북이860',TO_DATE('2006-10-05', 'YYYY-MM-DD'),'M','oKUWDI133@abcd.com','013-4036-2573',1,'profile.jpg','n',0);insert into tblAddress values(addressseq.nextVal,'yCmRTA294',20,'T');
insert into tblMember values('zFpQwQ352','YcqlBm683','천문완','심심한곰993',TO_DATE('1946-02-24', 'YYYY-MM-DD'),'M','WohJEM390@abcd.com','011-3996-6906',1,'profile.jpg','n',0);insert into tblAddress values(addressseq.nextVal,'zFpQwQ352',20,'T');
insert into tblMember values('TqFrjD274','MOOqKx959','권구기','시끄러운수달534',TO_DATE('1960-07-22', 'YYYY-MM-DD'),'F','tYLpxS723@abcd.com','011-0127-7482',1,'profile.jpg','n',0);insert into tblAddress values(addressseq.nextVal,'TqFrjD274',20,'T');
insert into tblMember values('BztMSX288','eHHeoC570','노병울','긴장되는주민696',TO_DATE('2002-04-01', 'YYYY-MM-DD'),'F','bzkYHv712@abcd.com','012-4656-8866',1,'profile.jpg','n',0);insert into tblAddress values(addressseq.nextVal,'BztMSX288',20,'T');
insert into tblMember values('mPKcCG324','kjmmpQ739','주담춘','울적한다람쥐846',TO_DATE('1945-01-12', 'YYYY-MM-DD'),'M','rJTxdx695@abcd.com','012-2176-4722',1,'profile.jpg','n',0);insert into tblAddress values(addressseq.nextVal,'mPKcCG324',20,'T');
insert into tblMember values('WwwjOY273','QxPhzC578','심철열','잘생긴얼룩말949',TO_DATE('2001-04-23', 'YYYY-MM-DD'),'F','msYvOC421@abcd.com','013-5445-2848',1,'profile.jpg','n',0);insert into tblAddress values(addressseq.nextVal,'WwwjOY273',20,'T');
insert into tblMember values('qSIBsk141','wQRwZX341','황건헌','위험한고양이749',TO_DATE('2014-06-09', 'YYYY-MM-DD'),'M','VsQPDU832@abcd.com','013-7735-4255',1,'profile.jpg','n',0);insert into tblAddress values(addressseq.nextVal,'qSIBsk141',20,'T');
insert into tblMember values('YBNZOd879','JLAKpp788','신늘탁','시끄러운하마782',TO_DATE('2006-04-06', 'YYYY-MM-DD'),'F','fQcOgs851@abcd.com','011-2258-9813',1,'profile.jpg','n',0);insert into tblAddress values(addressseq.nextVal,'YBNZOd879',20,'T');
insert into tblMember values('EIiycD608','CINQVJ599','모로악','위축되는나무늘보689',TO_DATE('2000-04-12', 'YYYY-MM-DD'),'F','zWruyL817@abcd.com','011-9903-9784',1,'profile.jpg','n',0);insert into tblAddress values(addressseq.nextVal,'EIiycD608',20,'T');
insert into tblMember values('UZaKSi382','EiTZAm373','전엄회','긴장되는염소492',TO_DATE('1968-06-14', 'YYYY-MM-DD'),'F','EYGMek74@abcd.com','010-3627-3110',1,'profile.jpg','n',0);insert into tblAddress values(addressseq.nextVal,'UZaKSi382',20,'T');
insert into tblMember values('IOKfnf803','nvijin842','변규백','잘생긴사자424',TO_DATE('2002-06-07', 'YYYY-MM-DD'),'F','aTVYAy186@abcd.com','011-4364-6118',1,'profile.jpg','n',0);insert into tblAddress values(addressseq.nextVal,'IOKfnf803',20,'T');
insert into tblMember values('lRsiHs409','eDFIly153','곽면윤','자유로운하마475',TO_DATE('1948-09-11', 'YYYY-MM-DD'),'F','pkrmMp424@abcd.com','010-2338-8901',1,'profile.jpg','n',0);insert into tblAddress values(addressseq.nextVal,'lRsiHs409',20,'T');
insert into tblMember values('hXVpXj423','ymxVsG100','육엽희','신바람나는쿠팡맨679',TO_DATE('2013-02-01', 'YYYY-MM-DD'),'F','AoNKuw186@abcd.com','012-7429-0491',1,'profile.jpg','n',0);insert into tblAddress values(addressseq.nextVal,'hXVpXj423',20,'T');
insert into tblMember values('VZCvwI995','IDfXgb870','여백정','울적한고양이512',TO_DATE('2004-02-26', 'YYYY-MM-DD'),'M','ZcLzwU113@abcd.com','013-7684-5381',1,'profile.jpg','n',0);insert into tblAddress values(addressseq.nextVal,'VZCvwI995',20,'T');
insert into tblMember values('kepGOp325','uEYtlk135','최근우','위축되는김풍656',TO_DATE('1949-01-11', 'YYYY-MM-DD'),'M','LFkdFs413@abcd.com','010-3890-6919',1,'profile.jpg','n',0);insert into tblAddress values(addressseq.nextVal,'kepGOp325',20,'T');
insert into tblMember values('SzVFvZ841','QqDmjj217','원자슬','비참한악어337',TO_DATE('2011-01-26', 'YYYY-MM-DD'),'F','MBuJDQ469@abcd.com','010-9356-2447',1,'profile.jpg','n',0);insert into tblAddress values(addressseq.nextVal,'SzVFvZ841',20,'T');
insert into tblMember values('iAQXXl508','AHjLFQ991','여상순','시끄러운곰538',TO_DATE('1992-08-10', 'YYYY-MM-DD'),'F','CGcoLd852@abcd.com','013-2698-9247',1,'profile.jpg','n',0);insert into tblAddress values(addressseq.nextVal,'iAQXXl508',20,'T');
insert into tblMember values('gepuIc274','MlUVCI784','심도훈','기분나쁜코끼리356',TO_DATE('1957-01-01', 'YYYY-MM-DD'),'M','upUcZP576@abcd.com','010-1638-2364',1,'profile.jpg','n',0);insert into tblAddress values(addressseq.nextVal,'gepuIc274',20,'T');
insert into tblMember values('UDYRVi203','SbMhoZ103','제형만','정의로운강아지700',TO_DATE('2017-03-16', 'YYYY-MM-DD'),'M','JZGLRq406@abcd.com','013-5564-5473',1,'profile.jpg','n',0);insert into tblAddress values(addressseq.nextVal,'UDYRVi203',21,'T');
insert into tblMember values('BxXDGf895','gpHcVN190','임건걸','당당한이병건477',TO_DATE('2002-12-20', 'YYYY-MM-DD'),'F','CGuzoc367@abcd.com','011-1366-3529',1,'profile.jpg','n',0);insert into tblAddress values(addressseq.nextVal,'BxXDGf895',21,'T');
insert into tblMember values('fHiIsY358','fbIXUQ429','방윤얀','자유로운주호민489',TO_DATE('2001-09-10', 'YYYY-MM-DD'),'M','UNlBpM288@abcd.com','011-6068-3053',1,'profile.jpg','n',0);insert into tblAddress values(addressseq.nextVal,'fHiIsY358',21,'T');
insert into tblMember values('OoSFYh923','cXjjBe892','서직기','서운한나무늘보990',TO_DATE('1946-11-19', 'YYYY-MM-DD'),'M','ScreDi823@abcd.com','013-9559-0994',1,'profile.jpg','n',0);insert into tblAddress values(addressseq.nextVal,'OoSFYh923',21,'T');
insert into tblMember values('gsBFMB146','xaPPCV820','장누실','자유로운주민358',TO_DATE('2007-08-08', 'YYYY-MM-DD'),'M','qYRflV88@abcd.com','013-8787-0804',1,'profile.jpg','n',0);insert into tblAddress values(addressseq.nextVal,'gsBFMB146',21,'T');
insert into tblMember values('JUhSMG569','aiygHk294','오곤면','시끄러운삼성맨876',TO_DATE('1970-07-28', 'YYYY-MM-DD'),'M','ygOpUI881@abcd.com','010-3040-5914',1,'profile.jpg','n',0);insert into tblAddress values(addressseq.nextVal,'JUhSMG569',21,'T');
insert into tblMember values('ssJvUu947','jrXMfk550','선위손','수줍은침팬치418',TO_DATE('2001-03-25', 'YYYY-MM-DD'),'F','SOxEMk432@abcd.com','011-0734-0741',1,'profile.jpg','n',0);insert into tblAddress values(addressseq.nextVal,'ssJvUu947',21,'T');
insert into tblMember values('lBeTqV92','XEWhEm684','민안솔','정의로운주호민362',TO_DATE('2007-06-27', 'YYYY-MM-DD'),'F','wEKFzT675@abcd.com','011-9422-6000',1,'profile.jpg','n',0);insert into tblAddress values(addressseq.nextVal,'lBeTqV92',21,'T');
insert into tblMember values('eiHQEn18','XNesMD917','안래뜸','위험한자식나무늘보382',TO_DATE('1997-07-04', 'YYYY-MM-DD'),'M','QemVDH994@abcd.com','012-8236-6785',1,'profile.jpg','n',0);insert into tblAddress values(addressseq.nextVal,'eiHQEn18',21,'T');
insert into tblMember values('LgydBZ795','USyxuv690','변인엽','위축되는나무늘보779',TO_DATE('2006-06-24', 'YYYY-MM-DD'),'F','nkfRfh654@abcd.com','011-3122-9572',1,'profile.jpg','n',0);insert into tblAddress values(addressseq.nextVal,'LgydBZ795',21,'T');
insert into tblMember values('QbQJMi838','PKNbKY521','장림시','자유로운떼쓸라750',TO_DATE('2008-09-27', 'YYYY-MM-DD'),'M','LLkFYW467@abcd.com','010-2012-3083',1,'profile.jpg','n',0);insert into tblAddress values(addressseq.nextVal,'QbQJMi838',21,'T');
insert into tblMember values('bumaXJ870','LrXuze985','편란타','배부른커피747',TO_DATE('2002-02-03', 'YYYY-MM-DD'),'F','ITIJiQ926@abcd.com','012-1552-3725',1,'profile.jpg','n',0);insert into tblAddress values(addressseq.nextVal,'bumaXJ870',21,'T');
insert into tblMember values('NHPFfX757','itYmnC32','진언황','정의로운기린944',TO_DATE('1982-09-10', 'YYYY-MM-DD'),'M','CJcIMD680@abcd.com','013-2846-4897',1,'profile.jpg','n',0);insert into tblAddress values(addressseq.nextVal,'NHPFfX757',21,'T');
insert into tblMember values('fuLjcG873','GmURvF881','백훈섬','서운한고슴도치673',TO_DATE('2011-05-18', 'YYYY-MM-DD'),'F','eWAekY961@abcd.com','010-4820-8559',1,'profile.jpg','n',0);insert into tblAddress values(addressseq.nextVal,'fuLjcG873',21,'T');
insert into tblMember values('BHQlaM140','IUEfWY170','방령열','멋있는하이에나943',TO_DATE('2005-04-15', 'YYYY-MM-DD'),'F','FaFHkS320@abcd.com','012-7808-8182',1,'profile.jpg','n',0);insert into tblAddress values(addressseq.nextVal,'BHQlaM140',21,'T');
insert into tblMember values('vAQADp95','DIHsQL242','변엄자','기분나쁜수달498',TO_DATE('2013-02-15', 'YYYY-MM-DD'),'F','PDkLVN670@abcd.com','012-2812-6760',1,'profile.jpg','n',0);insert into tblAddress values(addressseq.nextVal,'vAQADp95',21,'T');
insert into tblMember values('HONLae858','kJlbSH1','손언옥','기분나쁜너구리605',TO_DATE('1956-07-06', 'YYYY-MM-DD'),'M','FJRBDp83@abcd.com','012-0779-6309',1,'profile.jpg','n',0);insert into tblAddress values(addressseq.nextVal,'HONLae858',21,'T');
insert into tblMember values('MRCiEN382','FrGAdO743','신성걸','창피한토끼497',TO_DATE('1973-11-29', 'YYYY-MM-DD'),'M','zsSQWj729@abcd.com','012-5131-6067',1,'profile.jpg','n',0);insert into tblAddress values(addressseq.nextVal,'MRCiEN382',21,'T');
insert into tblMember values('GKUYAf290','FdeRek541','채변나','위축되는고슴도치994',TO_DATE('1993-08-18', 'YYYY-MM-DD'),'M','AictjP911@abcd.com','011-8447-8627',1,'profile.jpg','n',0);insert into tblAddress values(addressseq.nextVal,'GKUYAf290',21,'T');
insert into tblMember values('AemavN78','Iyxzmz764','모으혼','수줍은다람쥐496',TO_DATE('1994-06-27', 'YYYY-MM-DD'),'F','iLixeg314@abcd.com','013-4610-6345',1,'profile.jpg','n',0);insert into tblAddress values(addressseq.nextVal,'AemavN78',21,'T');
insert into tblMember values('KFYroe644','cZNTRf930','구재용','심심한현대842',TO_DATE('2017-11-01', 'YYYY-MM-DD'),'M','kXnPaX249@abcd.com','013-4529-4231',1,'profile.jpg','n',0);insert into tblAddress values(addressseq.nextVal,'KFYroe644',22,'T');
insert into tblMember values('OQHgnQ826','jvsUCR451','서사지','긴장되는원숭이977',TO_DATE('1949-05-04', 'YYYY-MM-DD'),'F','ZcUIxu554@abcd.com','011-1775-0668',1,'profile.jpg','n',0);insert into tblAddress values(addressseq.nextVal,'OQHgnQ826',22,'T');
insert into tblMember values('HJhpfS297','dfdibc126','오타전','심심한판다967',TO_DATE('2010-10-14', 'YYYY-MM-DD'),'M','njOSZo443@abcd.com','013-0154-5720',1,'profile.jpg','n',0);insert into tblAddress values(addressseq.nextVal,'HJhpfS297',22,'T');
insert into tblMember values('uVEFMU91','vufebK230','방판탁','위축되는하이에나766',TO_DATE('1958-04-14', 'YYYY-MM-DD'),'F','ljXYvr537@abcd.com','012-3565-9352',1,'profile.jpg','n',0);insert into tblAddress values(addressseq.nextVal,'uVEFMU91',22,'T');
insert into tblMember values('ishggY641','gBHRtc484','양예미','울적한참새337',TO_DATE('1932-10-23', 'YYYY-MM-DD'),'F','hEDAvQ562@abcd.com','011-6736-3169',1,'profile.jpg','n',0);insert into tblAddress values(addressseq.nextVal,'ishggY641',22,'T');
insert into tblMember values('ZmiurM136','QVwzTe865','모설장','심심한쿠팡맨988',TO_DATE('1996-01-04', 'YYYY-MM-DD'),'F','HqLWaz991@abcd.com','011-0269-2845',1,'profile.jpg','n',0);insert into tblAddress values(addressseq.nextVal,'ZmiurM136',22,'T');
insert into tblMember values('ePmgrE942','OSBeBK367','박래훈','위축되는나무늘보787',TO_DATE('1943-08-02', 'YYYY-MM-DD'),'M','asLqGv303@abcd.com','013-2632-4764',1,'profile.jpg','n',0);insert into tblAddress values(addressseq.nextVal,'ePmgrE942',22,'T');
insert into tblMember values('tzDyNL384','ehNVPv100','송항휴','기분좋은앵무새548',TO_DATE('2012-09-21', 'YYYY-MM-DD'),'M','fhZgZe368@abcd.com','013-2964-5826',1,'profile.jpg','n',0);insert into tblAddress values(addressseq.nextVal,'tzDyNL384',22,'T');
insert into tblMember values('GfOKxs405','RiUXnc37','국주순','멋있는늑대979',TO_DATE('2002-12-30', 'YYYY-MM-DD'),'M','BQiUjG94@abcd.com','013-5993-8488',1,'profile.jpg','n',0);insert into tblAddress values(addressseq.nextVal,'GfOKxs405',22,'T');
insert into tblMember values('cAuQWt190','kZtibA941','맹근가','이쁜잠바381',TO_DATE('1995-08-26', 'YYYY-MM-DD'),'M','AxLoYU383@abcd.com','012-9596-8976',1,'profile.jpg','n',0);insert into tblAddress values(addressseq.nextVal,'cAuQWt190',22,'T');
insert into tblMember values('CmFMPB928','IAbGqn631','진이빛','서운한하프물범835',TO_DATE('1946-09-18', 'YYYY-MM-DD'),'F','llEPoV527@abcd.com','010-8682-3931',1,'profile.jpg','n',0);insert into tblAddress values(addressseq.nextVal,'CmFMPB928',22,'T');
insert into tblMember values('fkPVbv439','uuCFaT121','권산더','긴장되는푸들315',TO_DATE('1964-12-16', 'YYYY-MM-DD'),'F','BlzGia259@abcd.com','010-8806-4006',1,'profile.jpg','n',0);insert into tblAddress values(addressseq.nextVal,'fkPVbv439',22,'T');
insert into tblMember values('bEYxOq660','vNAUDM507','기민으','신바람나는염소872',TO_DATE('1941-04-20', 'YYYY-MM-DD'),'M','RROkER981@abcd.com','010-8298-5409',1,'profile.jpg','n',0);insert into tblAddress values(addressseq.nextVal,'bEYxOq660',22,'T');
insert into tblMember values('PAHwuq61','jbTPVu411','성박설','심심한하마420',TO_DATE('2009-03-05', 'YYYY-MM-DD'),'F','tvusep423@abcd.com','013-0794-8100',1,'profile.jpg','n',0);insert into tblAddress values(addressseq.nextVal,'PAHwuq61',22,'T');
insert into tblMember values('YyXoJN185','sWjqbf906','주정사','멋있는주호민442',TO_DATE('1931-07-21', 'YYYY-MM-DD'),'F','HABEgh75@abcd.com','011-9109-4150',1,'profile.jpg','n',0);insert into tblAddress values(addressseq.nextVal,'YyXoJN185',22,'T');
insert into tblMember values('WQrEAL524','qwasFj304','기훈래','정의로운나무늘보489',TO_DATE('1962-10-18', 'YYYY-MM-DD'),'M','BiUWYJ168@abcd.com','012-5050-7013',1,'profile.jpg','n',0);insert into tblAddress values(addressseq.nextVal,'WQrEAL524',22,'T');
insert into tblMember values('LTkIhZ657','lQKdoo521','방범회','열받은토끼484',TO_DATE('2018-03-13', 'YYYY-MM-DD'),'F','vBfRVf261@abcd.com','011-4638-0494',1,'profile.jpg','n',0);insert into tblAddress values(addressseq.nextVal,'LTkIhZ657',22,'T');
insert into tblMember values('sstPEF831','gNNoGp705','금건한','위험한자식물소706',TO_DATE('1931-12-30', 'YYYY-MM-DD'),'F','vxHwBt117@abcd.com','012-2287-6038',1,'profile.jpg','n',0);insert into tblAddress values(addressseq.nextVal,'sstPEF831',22,'T');
insert into tblMember values('XjaJPl720','RSmewS947','홍일위','이쁜현대375',TO_DATE('1949-09-22', 'YYYY-MM-DD'),'M','WggcQQ971@abcd.com','011-2329-2040',1,'profile.jpg','n',0);insert into tblAddress values(addressseq.nextVal,'XjaJPl720',22,'T');
insert into tblMember values('JPdfdq813','gdQPbg316','배루사','신바람나는앵무새322',TO_DATE('1976-06-09', 'YYYY-MM-DD'),'F','pFKIPG587@abcd.com','010-7017-7712',1,'profile.jpg','n',0);insert into tblAddress values(addressseq.nextVal,'JPdfdq813',22,'T');
